Название,Описание,Регион,Город,Имя,Email,Сайт,Телефоны,Адрес
Администрация муниципального образования город Алексин,,Тульская область,Алексинский район,Глава: Фёдоров Павел Евгеньевич,adm.aleksin@tularegion.ru,"https://aleksin-r71.gosuslugi.ru/, https://aleksin-r71.gosuslugi.ru/","(48753) 4-32-70, (48753) 4-03-78","301367, г. Алексин, Героев-Алексинцев, 10"
Управление по работе с сельскими территориями МО город Алексин,,Тульская область,Алексинский район,Нач.: Селезнева Алла Михайловна,alla.selezneva@tularegion.org,"https://aleksin-r71.gosuslugi.ru/ofitsialno/struktura-munitsipalnogo-obrazovaniya/ispolnitelno-rasporyaditelnyy-organ-munitsipalnogo-obrazovaniya/strukturnye-podrazdeleniya/upravlenie-po-rabote-s-selskimi-territoriyami/, https://aleksin-r71.gosuslugi.ru/ofitsialno/struktura-munitsipalnogo-obrazovaniya/ispolnitelno-rasporyaditelnyy-organ-munitsipalnogo-obrazovaniya/strukturnye-podrazdeleniya/upravlenie-po-rabote-s-selskimi-territoriyami/",(48753) 4-11-54,"301367, г. Алексин, Героев-Алексинцев, 10, к. 104"
71_Алексинский_КФХ 001,рыбоводство пресноводное,Тульская область,Алексинский район,,,,8-915-788-6646,"301382, с. Гурово"
71_Алексинский_КФХ 002,"зерновые, зернобобовые, масличные, КРС (молочный)",Тульская область,Алексинский район,,,,8-920-271-8676,"301360, д. Ботня"
71_Алексинский_КФХ 003,травы на сено,Тульская область,Алексинский район,,,,8-962-279-6145,"301347, Хатманово"
71_Алексинский_КФХ 004,"пшеница, ячмень",Тульская область,Алексинский район,,,,8-920-746-1468,"301382, р.п. Новогуровский"
«Алексинский ГМЗ» ОАО («Алексинский городской молочный завод» ОАО),производство молока и молочной продукции,Тульская область,Алексинский район,Ген. дир.: Артемьева Надежда Ивановна,oao.agmz@gmail.com,,"(48753) 6-96-80, (48753) 6-96-82","301367, г. Алексин, Болотова, 16"
«Альфа-Фидс» ООО,"зерновые, кормовые травы",Тульская область,Алексинский район,Ген. дир.: Кузнецов Никита Михайлович,director@alfalfa.ru,,8-920-813-6827,"301361, г. Алексин, Ленина, 1 Б, оф. 304 а"
«Ботаник» ООО,"овощеводство (томаты, огурцы)",Тульская область,Алексинский район,Ген. дир.: Жмыхова Елена Викторовна,,,"(48753) 2-19-70, 2-19-51","301360, д. Ботня, Центральная, 2"
«НМЗ» ООО («Новогуровский молочный завод» ООО),производство молока и молочной продукции.,Тульская область,Алексинский район,Ген. дир.: Мавлиев Али Усманович,nmzmilkoff@yandex.ru,,8-977-894-3680,"301382, Алексинский р-н, р.п. Новогуровский, Мира, 9, эт. 2, офис 1"
«Номад» ООО,садоводство,Тульская область,Алексинский район,Ген. дир.: Шкляр Александр Григорьевич,71nomad@mail.ru,,8-967-201-5932,"301361, г. Алексин, Ленина, 1 Б, офис 302"
«РП Приокское» ООО,"рыбоводство пресноводное осетровых пород, икра",Тульская область,Алексинский район,Дир.: Машкин Сергей Викторович,info@priokskoe.com,,(495) 565-33-14,"301361, г. Алексин, Тургенева, 42"
«Хамсин Грасс» ООО,люцерна,Тульская область,Алексинский район,Ген. дир.: Иванов Борис Васильевич,,,8-903-675-7623,"301361, г. Алексин, Ленина, 1 Б, офис 303"
«Чёрный Хлеб» ООО / «Чёрный Хлеб Ритейл» ООО,"пшеница, гречиха, просо; крупы (манная, пшеничная, ржаная и др.), мука (пшеничная, гречневая, овсяная)",Тульская область,Алексинский район,Ген. дир.: Абрамов Павел Сергеевич,info@hlebio.ru,https://hlebio.ru/,"8-906-769-9020, 8-800-600-7218","301347, Алексинский р-н, д. Хатманово, Зеленая, 1"
«Алексинский Питомник «Гавриш» ООО,"декоративные кустарники, лиственные деревья, хвойные растения, плодовые культуры",Тульская область,Алексинский район,Ген. дир.: Образцов Григорий Николаевич,info@pitomnikgavrish.ru,"http://pitomniki-gavrish.ru/, http://pitomniki-gavrish.ru/",(48753) 2-19-51,"301360, Алексинский р-н, д. Ботня, Центральная, 2"
Администрация Муниципального Образования Арсеньевский район,,Тульская область,Арсеньевский район,Глава: Макаров Игорь Николаевич,ased_mo_arsenevo@tularegion.ru,"https://arsenevo.gosuslugi.ru/, https://arsenevo.gosuslugi.ru/, https://arsenevo.gosuslugi.ru/",(487) 332-14-70,"301510, р.п. Арсеньево, Папанина, 6"
"Отдел экономического развития, предпринимательства и с/х администрации МО Арсеньевский район",,Тульская область,Арсеньевский район,Нач.: Юдина Татьяна Александровна,Tatyana.Yudina3@tularegion.org,https://arsenevskij-r71.gosweb.gosuslugi.ru/ofitsialno/struktura-munitsipalnogo-obrazovaniya/administratsiya-munitsipalnogo-obrazovaniya/strukturnye-podrazdeleniya/otdel-ekonomicheskogo-razvitiya-predprinimatelstva-i-sh/,(48733) 2-11-15,"301510, р.п. Арсеньево, Советская, 3"
71_Арсеньевский_КФХ 001,"пшеница, горох",Тульская область,Арсеньевский район,,,,8-910-163-6642,"301519, с. Кузьменки"
71_Арсеньевский_КФХ 002,"зерновые, масличные",Тульская область,Арсеньевский район,,,,8-903-036-4060,"301616, с. Араны"
71_Арсеньевский_КФХ 003,"пшеница, гречиха, рапс, горох",Тульская область,Арсеньевский район,,,,8-926-277-4456,"301510, д. Рахлеево"
71_Арсеньевский_КФХ 004,"пшеница, кормовые культуры",Тульская область,Арсеньевский район,,,,8-962-279-1084,"301510, д. Рахлеево"
71_Арсеньевский_КФХ 005,"пшеница, ячмень, овес",Тульская область,Арсеньевский район,,,,"8-905-117-4812, 8-906-623-2332","301510, д. Прилепы"
71_Арсеньевский_КФХ 006,"пшеница, ячмень",Тульская область,Арсеньевский район,,,,8-903-039-5150,"301500, д. Часовня"
71_Арсеньевский_КФХ 007,"пшеница, овес",Тульская область,Арсеньевский район,,,,8-906-627-1117,"301500, п. Первомайский"
71_Арсеньевский_КФХ 008,пшеница,Тульская область,Арсеньевский район,,,,8-906-532-4999,"301510, д. Астапово"
71_Арсеньевский_КФХ 009,"пшеница, гречиха",Тульская область,Арсеньевский район,,,,8-906-622-8879,"301510, с. Красное"
71_Арсеньевский_КФХ 010,садоводство (яблоки); пюре яблочное,Тульская область,Арсеньевский район,,,,8-963-228-4105,"301505, пгт. Славный"
71_Арсеньевский_КФХ 011,"пшеница, гречиха, горох",Тульская область,Арсеньевский район,,,,8-960-598-9413,"301500, п. Октябрьский"
71_Арсеньевский_КФХ 012,"зерновые, зернобобовые",Тульская область,Арсеньевский район,,,,8-903-421-3505,"301502, д. Сычевка"
71_Арсеньевский_КФХ 013,"зерновые, зернобобовые",Тульская область,Арсеньевский район,,,,8-905-118-8512,"301510, р.п. Арсеньево"
71_Арсеньевский_КФХ 014,пшеница,Тульская область,Арсеньевский район,,,,8-953-425-2282,"301510, р.п. Арсеньево"
71_Арсеньевский_КФХ 015,"зерновые, зернобобовые, КРС; оптовая торговля зерном; грузоперевозки с/х продукции",Тульская область,Арсеньевский район,,,,8-905-118-8498,"301510, д. Боброво"
71_Арсеньевский_КФХ 016,"пшеница, овес",Тульская область,Арсеньевский район,,,,8-905-117-9565,"301510, д. Астапово"
71_Арсеньевский_КФХ 017,зерновые,Тульская область,Арсеньевский район,,,,8-950-925-9449,"301520, п. Центральный"
«Арсеньевский Маслодельный Завод» ОАО,"приемка, переработка молока, производство молочной продукции",Тульская область,Арсеньевский район,Ген. дир.: Степанова Лидия Мевлюдовна,arsenevo-moloko@rambler.ru,,"(48733) 2-11-95, (48733) 2-10-88","301510, Арсеньевский р-н, р.п. Арсеньево, Бандикова, 104"
«Большевик» ООО,зерновые,Тульская область,Арсеньевский район,Дир.: Дубровкин Александр Иванович,dsa_crocodil@mail.ru,,8-920-761-9448,"301520, п. Центральный"
«Деметра» ЗАО,"яблоки, смородина, переработка в фруктовое пюре",Тульская область,Арсеньевский район,Ген. дир.: Лариков Виталий Александрович,demetra.03@mail.ru,,8-950-918-0121,"301520, Арсеньевский р-н, п. Центральный"
«Прогресс» ООО,зерновые. зернобобовые,Тульская область,Арсеньевский район,Дир.: Манов Вячеслав Владимирович,,,(48733) 2-44-17,"301502, д. Ясенки, 9"
«Урожай» ООО,"пшеница, ячмень, гречиха, рапс, горох",Тульская область,Арсеньевский район,Дир.: Алёхин Андрей Александрович,urojay71@gmail.com,,(48733) 2-11-19,"301521, с. Манаенки, Поповка, 19 А, помещ. 1"
71_Арсеньевский_КФХ 015,"зерновые, зернобобовые, КРС; оптовая торговля зерном; грузоперевозки с/х продукции",Тульская область,Арсеньевский район,,,,8-905-118-8498,"301510, д. Боброво"
«Арсеньевское ХПП» АО,"хранение, складирование зерна",Тульская область,Арсеньевский район,Дир.: Симоненко Александр Александрович,,,(48733) 2-13-90,"301510, Арсеньевский р-н, р.п. Арсеньево, Зерновая, 3"
Администрация Муниципального Образования Белевский район,,Тульская область,Белёвский район,Глава: Егорова Наталья Николаевна,ased_mo_belev@tularegion.ru,"https://belevskij-r71.gosweb.gosuslugi.ru/, https://belevskij-r71.gosweb.gosuslugi.ru/",(48742) 4-18-33,"301530, г. Белев, Октября, 3"
Сектор сельского хозяйства администрации МО Белевский район,,Тульская область,Белёвский район,Нач.: Тимохина Татьяна Сергеевна,,"https://belevskij-r71.gosweb.gosuslugi.ru/, https://belevskij-r71.gosweb.gosuslugi.ru/",(48742) 4-18-86,"301530, г. Белев, Октября, 3, 2 эт., каб. 23"
71_Белёвский_КФХ 001,садоводство (яблоки),Тульская область,Белёвский район,,,,8-910-553-6135,"301519, п. Ровно"
71_Белёвский_КФХ 002,"пшеница, рапс",Тульская область,Белёвский район,,,,8-903-845-8823,"301531, г. Белев"
71_Белёвский_КФХ 003,зерновые,Тульская область,Белёвский район,,,,8-960-603-0498,"301530, г. Белев"
71_Белёвский_КФХ 004,"пшеница, ячмень, рапс, горох",Тульская область,Белёвский район,,,,8-910-703-4710,"301552, д. Астафьево"
71_Белёвский_КФХ 005,"пшеница, соя, рапс, горох",Тульская область,Белёвский район,,,,8-905-625-4020,"301530, г. Белев"
71_Белёвский_КФХ 006,"пшеница, овёс",Тульская область,Белёвский район,,,,8-920-761-4072,"301536, д. Новые Дольцы"
71_Белёвский_КФХ 007,"пшеница, овёс",Тульская область,Белёвский район,,,,8-920-743-2846,"301536, д. Новые Дольцы"
71_Белёвский_КФХ 008,"пшеница, рапс",Тульская область,Белёвский район,,,,8-920-273-0558,"301530, Белевский р-н, д. Теремец"
«Алтухово» ООО,садоводство (яблоки),Тульская область,Белёвский район,Дир.: Жукова Оксана Валериевна,oksk3@yandex.ru,,8-903-845-7306,"301536, д. Новые Дольцы, 3 Б"
«Тулагропродукт» ООО,зерновые,Тульская область,Белёвский район,Ген. дир.: Щерба Константин Витальевич,zem-bel@mail.ru,,"8-926-951-3170, 8-903-725-1962","301531, г. Белев, Рабочая, 105 Ф"
«Урожай» ООО,"пшеница, ячмень, кукуруза, подсолнечник, соя",Тульская область,Белёвский район,Дир.: Фомин Андрей Владимирович,Alex.lobanov79@yandex.ru,,8-961-148-7911,"301530, г. Белев, Лебедевская, 9, оф. 3"
«ХПП Белёвский Элеватор» ООО,хранение и складирование зерна,Тульская область,Белёвский район,Дир.: Батанов Евгений Петрович,buxkt@mail.ru,,(48742) 4-14-14,"301530, г. Белев, Пригородный туп, 1"
Администрация МО Богородицкий район,,Тульская область,Богородицкий район,Глава: Игонин Вадим Вячеславович,vadim.igonin@tularegion.ru,https://bogorodiczkkij-r71.gosweb.gosuslugi.ru/,(48761) 2-21-30,"301835, г. Богородицк, Ленина, 3"
"Отдел экономического развития, предпринимательства и сельского хозяйства администрации МО Богородицкий район",,Тульская область,Богородицкий район,Нач.: Правоторова Татьяна Николаевна,tatyana.pravotorova@tularegion.org,https://bogorodiczkkij-r71.gosweb.gosuslugi.ru/ofitsialno/struktura-munitsipalnogo-obrazovaniya/ispolnitelno-rasporyaditelnyy-organ-munitsipalnogo-obrazovaniya/strukturnye-podrazdeleniya/naimenovanie-strukturnogo-podrazdeleniya-1/,(48761) 2-15-07,"301835, г. Богородицк, Ленина, 3"
71_Богородицкий_КФХ 001,"пшеница, ячмень",Тульская область,Богородицкий район,,,,8-905-626-6199,"301804, д. Муравлянка"
71_Богородицкий_КФХ 002,"пшеница, горох",Тульская область,Богородицкий район,,,,8-906-533-8800,"301804, д. Анохино"
71_Богородицкий_КФХ 003,"КРС (молочный), пшеница",Тульская область,Богородицкий район,,,,8-902-751-6825,"301805, п. Бегичевский"
71_Богородицкий_КФХ 004,"пшеница, ячмень, рапс",Тульская область,Богородицкий район,,,,8-906-620-8767,"301810, с. Ломовка"
71_Богородицкий_КФХ 005,"пшеница, соя",Тульская область,Богородицкий район,,,,8-903-844-6451,"301805, п. Бегичевский"
71_Богородицкий_КФХ 006,зерновые,Тульская область,Богородицкий район,,,,8-909-263-0202,"301833, г. Богородицк"
71_Богородицкий_КФХ 007,"пшеница, рапс, соя",Тульская область,Богородицкий район,,,,8-953-428-1800,"301815, с. Иевлево"
71_Богородицкий_КФХ 008,"зерновые, масличные",Тульская область,Богородицкий район,,,,8-903-844-8186,"301816, с. Черняевка"
71_Богородицкий_КФХ 009,"пшеница, ячмень, соя, рапс, горох",Тульская область,Богородицкий район,,,,8-953-969-4923,"301813, с. Новопокровское"
«АПК «Родное» ООО,зерновые,Тульская область,Богородицкий район,Ген. дир.: Швец Алексей Владимирович,apcrodnoe@yandex.ru,,(48761) 9-13-85,"301824, с. Малевка, Центральная, 9"
«БМЗ» ООО,"производство молочной продукции (творог, сметана, масло и др.)",Тульская область,Богородицкий район,Ген. дир.: Саломасова Ольга Васильевна,bmz-2017@mail.ru,,"(48761) 2-28-40, 8-962-278-8111, (48761) 8-910-580-0173","301830, г. Богородицк, Привокзальный 1-й проезд, 1"
«Богородицкие Поля» ООО,"пшеница, соя, лён",Тульская область,Богородицкий район,Ген. дир.: Караваева Наталья Владимировна,bogpole@bk.ru,,8-905-178-7037,"301815, с. Иевлево, сл. Бодаево, 181, помещ. 4"
«Богородицкий Альянс» ООО,"пшеница, ячмень, рапс, картофель",Тульская область,Богородицкий район,Ген. дир.: Лаврентьев Николай Викторович,bogal71@mail.ru,,"(48761) 3-31-95, 8-961-150-1773","301826, с. Бахметьево, Центральная, 15"
«БОСХ» ООО («Богородицксельхозхимия» ООО),"пшеница, ячмень, кукуруза, овёс",Тульская область,Богородицкий район,Ген. дир.: Курносых Андрей Михайлович,bogselhim@mail.ru,,8-930-890-8051,"301831, г. Богородицк, 30 лет Победы, 1 Б"
«Звезда» КФХ,"ячмень, овёс, лошади",Тульская область,Богородицкий район,,,,8-905-753-8668,"301835, х. Шахтерский"
«Победитель» ЗАО,"пшеница, рапс, ячмень",Тульская область,Богородицкий район,Ген. дир.: Полынов Петр Васильевич,zao.pobeditel@yandex.ru,,"(48761) 4-91-53, 8-909-627-3096, 8-960-618-1880","301825, с. Папоротка, Центральная, 57/2"
«Татьяна» КФХ,"пшеница, ячмень, соя",Тульская область,Богородицкий район,,,,8-906-539-4839,"301816, д. Мшищи"
«Эко-Агро» ООО,"пшеница, кукуруза, подсолнечник, соя, рапс; сахарная свекла",Тульская область,Богородицкий район,Ген. дир.: Райский Анатолий Станиславович,bridgit10@mail.ru,,8-903-841-8575,"301830, г. Богородицк, Магистральный пр-д, 1 А, оф. 3"
«Богородицкое ХПП» ООО,"приемка, сушка, подработка, хранение и складирование зерна",Тульская область,Богородицкий район,Ген. дир.: Яицкий Александр Петрович,bogoroditsk_xpp@mail.ru,https://hppbgrsk71.ru/,8-929-073-7171,"301830, г. Богородицк, Волынкина, 15"
Администрация МО Веневский Муниципальный округ Тульской области,,Тульская область,Венёвский район,Глава: Шубчинский Андрей Геннадиевич,ased_mo_venev@tularegion.ru,https://venevskij-r71.gosweb.gosuslugi.ru/,"(48745) 2-12-33, (48745) 2-24-60","301320, г. Венёв, пл. Ильича, 4"
"Комитет по экономике, инвестициям, развитию АПК администрации МО Венёвский Муниципальный округ Тульской области",,Тульская область,Венёвский район,,ased_mo_venev@tularegion.ru,https://venevskij-r71.gosweb.gosuslugi.ru/,"(48745) 2-23-05, 2-47-27","301320, г. Венёв, пл. Ильича, 4"
71_Венёвский_КФХ 001,"пшеница, ячмень, соя, картофель",Тульская область,Венёвский район,,,,"8-905-620-8657, 8-961-266-6886, (48745) 3-46-71, 3-46-36","301324, с. Урусово"
71_Венёвский_КФХ 002,овощи,Тульская область,Венёвский район,,,,8-903-035-8404,"301320, г. Венев"
71_Венёвский_КФХ 004,"пшеница, ячмень, соя, горох; картофель, свекла столовая",Тульская область,Венёвский район,,,,8-910-943-1024,"301326, с. Прудищи"
71_Венёвский_КФХ 005,"пшеница, ячмень, горох; картофель",Тульская область,Венёвский район,,,,8-909-260-9493,"301326, с. Прудищи"
71_Венёвский_КФХ 006,"пшеница, ячмень, рапс, горох",Тульская область,Венёвский район,,,,"(48745) 2-37-12, 8-903-697-7122","301327, с. Поветкино"
71_Венёвский_КФХ 007,пшеница,Тульская область,Венёвский район,,,,8-920-763-0124,"301336, с. Карники"
71_Венёвский_КФХ 008,пшеница; картофель,Тульская область,Венёвский район,,,,8-962-271-7239,"301325, с. Гати"
71_Венёвский_КФХ 009,зерновые; картофель,Тульская область,Венёвский район,,,,8-905-625-4656,"301320, г. Венев"
71_Венёвский_КФХ 010,пшеница; картофель,Тульская область,Венёвский район,,,,8-906-539-0999,"301325, с. Гати"
71_Венёвский_КФХ 011,"пшеница, ячмень",Тульская область,Венёвский район,,,,8-906-621-6691,"301324, д. Островки"
71_Венёвский_КФХ 012,"пшеница, ячмень",Тульская область,Венёвский район,,,,8-905-11-3942,"301320, д. Большие Заломы"
71_Венёвский_КФХ 013,пшеница,Тульская область,Венёвский район,,,,8-977-415-6770,"301318, п. Октябрьский"
71_Венёвский_КФХ 014,"пшеница, рапс, ячмень (на кормовые цели)",Тульская область,Венёвский район,,,,8-920-755-7722,"302320, сл. Озеренская"
71_Венёвский_КФХ 015,"зерновые, зернобобовые, КРС, свиньи",Тульская область,Венёвский район,,,,8-920-272-6777,"301317, д. Кукуй"
71_Венёвский_КФХ 016,овощи (открытый грунт),Тульская область,Венёвский район,,,,8-910-943-1612,"301320, г. Венев"
71_Венёвский_КФХ 017,пшеница,Тульская область,Венёвский район,,,,8-910-160-7011,"301305, с. Козловка"
71_Венёвский_КФХ 018,пшеница,Тульская область,Венёвский район,,,,8-906-624-0158,"301312, д. Тулубьево"
«АПК Васильевский» ООО,"пшеница, ячмень",Тульская область,Венёвский район,Ген. дир.: Рубцов Игорь Владимирович,"123060a@mail.ru, a_gronom@mail.ru",,8-916-742-3713,"301310, п. Васильевский, Школьная, 5"
«Венёвсельхозхимия» ОАО,"пшеница, ячмень, горох, гречиха",Тульская область,Венёвский район,Ген. дир.: Макарова Мария Алексеевна,venevcelhim@rambler.ru,,(48745) 2-23-82,"301320, г. Венёв, Кольцевая, 1 А, литер а 24"
«Венёвские Угодья» ООО,"пшеница, картофель, сахарная свекла",Тульская область,Венёвский район,Ген. дир.: Мешалкин Михаил Александрови,Venevkartofel@mail.ru,,8-903-845-8446,"301320, г. Венев, Белова, 40 А, помещ. 1"
«Венёвский Салат» ООО,"овощи (капуста, морковь, огурцы, чеснок, хрен, укроп)",Тульская область,Венёвский район,Ген. дир.: Акимов Аким Ахмедханович,venevsklad@mail.ru,,8-968-580-5538,"301326, д. Причаль, Новая, 5"
«Возрождение» ООО СХП,пшеница; картофель,Тульская область,Венёвский район,Дир.: Морозов Анатолий Николаевич,,,"(48745) 7-46-84, 8-903-840-3298","300000, с. Гати, Микрорайон, 8"
«Восход» КФХ,зерновые,Тульская область,Венёвский район,,,,8-910-556-7635,"301320, г. Венев"
«Залесово» ООО,"пшеница, рапс, соя, горох",Тульская область,Венёвский район,Дир: Швец Алексей Владимирович,zalesovo1965@yandex.ru,,8-910-555-0555,"301305, с. Козловка, Молодежная, 15"
«НТ Агри» ООО,"пшеница, рапс, горох, соя",Тульская область,Венёвский район,Ген. дир.: Трубицына Ирина Викторовна,irina.trubicina@ntagri.ru.com,,8-910-702-2721,"301320, г. Венев, пер. Белова, 6, помещ. 1"
«Петропавловское» ООО,"пшеница, ячмень",Тульская область,Венёвский район,Ген. дир.: Болотский Алексей Васильевич,zaostroitexnika@mail.ru,,"(4872) 31-33-20, 8-910-554-5818","301317, д. Кукуй, Центральная, 23"
«Родниковое Поле» ООО,"зерновые, КРС (молочный); семена льна долгунца; производство молочной продукции",Тульская область,Венёвский район,Ген. дир.: Бочаров Сергей Викторович,"office@, rodnikovoe-pole.ru",https://rodnikovoe-pole.ru/#popup:infoblock2023,"8-800-700-5717, 8-915-688-5581","301336, д. Татарники, Степная, 13"
«Салют» ЗАО,"пшеница, ячмень, горох, овёс",Тульская область,Венёвский район,Ген. дир.: Проданюк Антон Николаевич,zao.salut009@yandex.ru,,(48745) 4-31-24,"301300, с. Трухачевка"
«Тульская Нива» АО,"пшеница, ячмень, горох",Тульская область,Венёвский район,Ген. дир.: Соколова Анастасия Валериевна,a.sokolova@tulskayaniva.ru,,"906-537-9292, (48745) 4-31-44","301333, с. Клин, Производственная, 1"
«Корни» СХП ООО,"производство и продажа саженцев хвойных, лиственных, плодовых деревьев и кустарников",Тульская область,Венёвский район,Ген. дир.: Новикова Анастасия Сергеевна,info@pitomnik-korni.ru,https://pitomnik-korni.ru/,(495) 649-66-82,"301305, Веневский р-н, д. Тураево"
«Родниковое Поле» ООО,"зерновые, КРС (молочный); семена льна долгунца; производство молочной продукции",Тульская область,Венёвский район,Ген. дир.: Бочаров Сергей Викторович,"office@, rodnikovoe-pole.ru",https://rodnikovoe-pole.ru/#popup:infoblock2023,"8-800-700-5717, 8-915-688-5581","301336, д. Татарники, Степная, 13"
Администрация МО Воловский Муниципальный округ Тульской области,,Тульская область,Воловский район,Глава: Пиший Сергей Юрьевич,ased_mo_volovo@tularegion.ru,https://volovskij-r71.gosweb.gosuslugi.ru/,(48768) 2-17-57,"301570, р.п. Волово, Ленина, 48"
Управление сх администрации МО Воловский Муниципальный округ Тульской области,,Тульская область,Воловский район,Хренова Надежда Васильевна,volosx@tularegion.org,https://volovskij-r71.gosweb.gosuslugi.ru/,(48768) 2-12-88,"301570, р.п. Волово, Ленина, 59"
71_Воловский_КФХ 001,"пшеница, ячмень",Тульская область,Воловский район,,,,8-906-536-8946,"301573, д. Панарино"
71_Воловский_КФХ 002,зерновые,Тульская область,Воловский район,,,,8-930-074-7333,"301570, п. Волово"
71_Воловский_КФХ 003,пшеница,Тульская область,Воловский район,,,,8-920-745-9157,"301570, д. Становая"
71_Воловский_КФХ 004,"пшеница, ячмень",Тульская область,Воловский район,,,,8-953-952-1761,"301595, п. Волово"
71_Воловский_КФХ 005,"пшеница, ячмень, рапс, соя",Тульская область,Воловский район,,,,8-960-604-6862,"01597, д. Дворики"
71_Воловский_КФХ 006,"пшеница, ячмень",Тульская область,Воловский район,,,,8-910-557-8721,"301573, д. Панарино"
71_Воловский_КФХ 007,"ячмень, пшеница",Тульская область,Воловский район,,,,8-905-114-4621,"301573, д. Фетисово"
71_Воловский_КФХ 008,"пшеница, ячмень",Тульская область,Воловский район,,,,8-960-595-6276,"301586, д. Красная Дубровка"
71_Воловский_КФХ 009,садоводство,Тульская область,Воловский район,,,,8-906-535-2228,"301570, п. Садовый"
71_Воловский_КФХ 010,зерновые,Тульская область,Воловский район,,,,"(48768) 3-23-49, 8-906-530-4370","301570, д. Становая"
71_Воловский_КФХ 011,"пшеница, ячмень, соя",Тульская область,Воловский район,,,,8-910-701-9192,"301570, с. Осиново"
71_Воловский_КФХ 012,"пшеница, ячмень, подсолнечник, рапс",Тульская область,Воловский район,,,,8-910-948-7777,"юр. адр.: 301900, Тепло-Огаревский р-н, р.п. Теплое"
71_Воловский_КФХ 013,"пшеница, ячмень",Тульская область,Воловский район,,,,8-915-688-4838,"301586, д. Красная Дубровка"
71_Воловский_КФХ 014,"зерновые, масличные",Тульская область,Воловский район,,,,8-910-945-0039,"301595, с. Верхоупье"
71_Воловский_КФХ 015,зерновые,Тульская область,Воловский район,,,,8-953-438-8618,"301570, п. Волово"
71_Воловский_КФХ 016,"зерновые, масличные",Тульская область,Воловский район,,,,8-909-644-6602,"301570, п. Волово"
71_Воловский_КФХ 017,зерновые,Тульская область,Воловский район,,,,8-960-598-7585,"301576, с. Непрядва"
«Агрокомплекс Развитие» ООО,"пшеница, ячмень, соя, рапс, горчица",Тульская область,Воловский район,Ген. дир.: Фарадов Фаик Фархад Оглы,AKR@agrorazvitie.ru,,(48768) 3-31-30,"301581, д. Баскаково, Центральная, 41, офис 1"
«ВК» ООО,"производство нерафинированных и рафинированных масел (рапсовое, подсолнечное); жмых",Тульская область,Воловский район,Ген. дир.: Ахмеджанов Хасан Алимович,hasik@yandex.ru,,8-967-215-7733,"301570, п. Волово, Слепцова, 18, офис 2"
«Возрождение» КФХ,"пшеница, ячмень, КРС (молочный)",Тульская область,Воловский район,,,,8-953-187-7133,"301575, д. Красный Холм"
«Воловосельхозтехника» ООО,"пшеница, ячмень, овес, гречиха, подсолнечник, соя, рапс",Тульская область,Воловский район,Ген. дир.: Сухова Александра Ивановна,"sxt-2014@mail.ru, shtehnika@volovo.tula.net",,(48768) 2-17-77,"301570, п. Волово, Александрова, 10"
«Воловская Земля» ООО,"зерновые, зернобобовые, масличные",Тульская область,Воловский район,Ген. дир.: Борисов Сергей Михайлович,,,"(495) 670-52-13, (495) 670-59-04, (495) 670-71-00","301595, с. Верхоупье, Южная, 57 А"
«Воловская Техника» ООО,"картофель; пшеница, ячмень, подсолнечник, рапс",Тульская область,Воловский район,Ген. дир.: Щербаков Виктор Евгеньевич,bt7171@mail.ru,,"(48768) 3-35-30, (48768) 3-35-22","301595, с. Верхоупье, Южная, 57 А"
«Воловский Бройлер» ООО,"птицеводство (цыплята-бройлеры), полуфабрикаты из мяса цыплят-бройлеров, производство и консервирование мяса птицы",Тульская область,Воловский район,Ген. дир.: Гапоненко Константин Олегович,info@volovo-broyler.ru,https://volovo-broyler.ru/,(499) 702-44-44,"301570, п. Волово, Слепцова, 5"
«Дворики» КФХ,пшеница,Тульская область,Воловский район,,,,8-953-433-4211,"301595, с. Верхоупье"
«Доверие» ПССЖОСПК,зерновые,Тульская область,Воловский район,Предс.: Крюкова Олеся Михайловна,,,8-965-296-7576,"301580, п. Ялта, Садовая, 92"
«Заря» КФХ,"пшеница, ячмень, рапс, гречиха, кукуруза",Тульская область,Воловский район,,,,"(48768) 3-36-18, (48768) 3-36-16","301587, с. Борятино"
«Колос» ООО,"ячмень, подсолнечник, гречиха",Тульская область,Воловский район,Ген. дир.: Сергеев Сергей Александрович,1@kolos71.ru,,8-905-622-7170,"301582, д. Сухие Плоты, Героя Матюхина, 5"
«Красное Знамя» ООО / «Ялта» ООО,"пшеница, подсолнечник, рапс, соя, горох, люпин; производство круп",Тульская область,Воловский район,Ген. дир.: Паршиков Сергей Сергеевич,rotefane71@yandex.ru,,8-910-940-0727,"301537, д. Панарино, Административная, 8 («Красное Знамя» ООО)"
«Надежда» КФХ,"пшеница, ячмень",Тульская область,Воловский район,,,,8-915-785-7513,"301570, п. Волово"
«Нива» ООО,"пшеница, ячмень, рапс, кукуруза, гречиха",Тульская область,Воловский район,Ген. дир.: Горбачёва Раиса Васильевна,spk_boryatino@mail.ru,,"(48768) 3-36-30, (48768) 3-36-23","301587, с. Борятино, 29"
«Серафим» КФХ,"пшеница, ячмень, соя, рапс, подсолнечник",Тульская область,Воловский район,,serafim1345@mail.ru,,8-906-623-0633,"301574, с. Никитское"
«Становая» ООО,зерновые,Тульская область,Воловский район,Дир.: Свирин Антон Викторович,stanovau@ya.ru,,(48768) 3-23-46,"301570, д. Становая"
«Темп» КФХ,зерновые,Тульская область,Воловский район,,,,8-953-968-5131,"301830, п. Садовый"
«Хабарово» КФХ,"пшеница, ячмень, подсолнечник, соя, рапс; картофель",Тульская область,Воловский район,,kfx.xabarovo@yandex.ru,,8-920-783-7333,"301598, д. Турдей"
«Широкое» КФХ,"пшеница, ячмень",Тульская область,Воловский район,,,,8-910-948-2268,"301590, д. Озерки-1"
«Воловский Комбикормовый Завод» ООО,полнорационный комбикорм,Тульская область,Воловский район,Ген. дир.: Муратов Сергей Александрович,info@volovo-kmz.ru,,(499) 70-24-444,"301570, п. Волово, Слепцова, 5, зд. контора, офис 6"
«Воловское ХПП» АО,хранение и складирование зерна,Тульская область,Воловский район,Дир.: Ковалевская Лариса Владимировна,hppvolovo@mail.ru,,(48768) 2-15-81,"301570, Воловский р-н, п. Волово, Ленина, 83"
Администрация Муниципального Образования Город Донской,,Тульская область,Донской г.,Глава: Белов Владимир Станиславович,ased_mo_donskoy@tularegion.ru,https://donskoj-r71.gosweb.gosuslugi.ru/,"(48746) 5-44-14, (48746) 5-82-19","301760, г. Донской, Октябрьская, 17"
Администрация МО Дубенский Муниципальный округ Тульской области,,Тульская область,Дубенский район,Глава: Гузов Кирилл Олегович,ased_mo_dubna@tularegion.ru,https://dubenskij-r71.gosweb.gosuslugi.ru/,(48732) 2-15-57,"301160, р.п. Дубна, Первомайская, 33"
"Отдел экономического развития, предпринимательства и сельского хозяйства администрации МО Дубенский Муниципальный округ Тульской области",,Тульская область,Дубенский район,,,https://dubenskij-r71.gosweb.gosuslugi.ru/ofitsialno/struktura-munitsipalnogo-obrazovaniya/ispolnitelno-rasporyaditelnyy-organ-munitsipalnogo-obrazovaniya/strukturnye-podrazdele1niya/otdel-ekonomicheskogo-razvitiya-predprinimatelstva-/,(48732) 2-14-08,"301160, р.п. Дубна, Первомайская, 33"
71_Дубенский_КФХ 001,"картофель, капуста, кабачки",Тульская область,Дубенский район,,,,8-967-777-3444,"301170, с. Протасово"
71_Ефремовский_КФХ 001,"пшеница, ячмень, подсолнечник, рапс, соя, горох, горчица",Тульская область,Ефремовский район,,,,8-909-260-0056,"301840, г. Ефремов"
71_Ефремовский_КФХ 002,"зерновые, масличные",Тульская область,Ефремовский район,,,,8-905-117-8261,"301868, д. Круглики"
71_Ефремовский_КФХ 003,"пшеница, ячмень",Тульская область,Ефремовский район,,,,8-960-593-7492,"301861, с. Кочкино."
71_Ефремовский_КФХ 004,"пшеница, ячмень, подсолнечник, гречиха",Тульская область,Ефремовский район,,,,"8-903-421-6645, 8-963-932-8952","301864, д. Большие Медведки"
71_Ефремовский_КФХ 006,"пшеница, ячмень, горох, гречиха",Тульская область,Ефремовский район,,,,8-906-625-0756,"301862, с. Пожилино"
71_Ефремовский_КФХ 007,"пшеница, ячмень, соя",Тульская область,Ефремовский район,,,,8-909-261-4170,"301868, д. Круглики"
71_Ефремовский_КФХ 008,"пшеница, ячмень, горох",Тульская область,Ефремовский район,,,,8-905-629-3822,"301844, д. Чернятино"
71_Ефремовский_КФХ 009,"пшеница, ячмень",Тульская область,Ефремовский район,,,,8-903-844-7075,"301889, п. Первомайский"
71_Ефремовский_КФХ 010,"пшеница, ячмень, горох",Тульская область,Ефремовский район,,,,8-928-452-1212,"301873, д. Луговка"
71_Ефремовский_КФХ 011,"пшеница, ячмень",Тульская область,Ефремовский район,,,,8-903-030-7912,"301887, с. Ступино"
71_Ефремовский_КФХ 012,"пшеница, ячмень",Тульская область,Ефремовский район,,,,8-996-432-0123,"301881, с. Овсянниково"
71_Ефремовский_КФХ 013,пшеница,Тульская область,Ефремовский район,,,,8-960-599-4614,"301883, д. Лепяги"
71_Ефремовский_КФХ 014,"пшеница, ячмень, горох, подсолнечник, лён, расторопша",Тульская область,Ефремовский район,,,,8-905-118-7976,"301861, д. Новое Глотово"
71_Ефремовский_КФХ 015,зерновые,Тульская область,Ефремовский район,,,,8-903-697-8973,"301888, с. Овсянниково"
71_Ефремовский_КФХ 016,"пшеница, ячмень",Тульская область,Ефремовский район,,,,8-953-193-3659,"301888, с. Овсянниково"
71_Ефремовский_КФХ 017,"пшеница, ячмень",Тульская область,Ефремовский район,,,,(48741) 9-25-44,"301881, с. Овсянниково"
71_Ефремовский_КФХ 018,"пшеница, ячмень, рапс",Тульская область,Ефремовский район,,,,"8-953-433-9003, 8-903-813-1657","301864, д. Малая Хмелевая"
71_Ефремовский_КФХ 019,"пшеница, ячмень, соя",Тульская область,Ефремовский район,,,,8-905-621-1255,"301868, с. Круглики"
«Агроресурс» ООО,зерновые,Тульская область,Ефремовский район,Ген. дир.: Ефимов Михаил Леонидович,agroresus.efremov@mail.ru,,8-906-043-9768,"301840, г. Ефремов, Тургенева, 29"
«Доверие» ООО СП,"зерновые, зернобобовые",Тульская область,Ефремовский район,Дир.: Рогачев Николай Алексеевич,doverie.2004@mail.ru,,(48741) 9-06-20,"301875, д. Николаевка"
«Дубровский» АО,"пшеница, соя, рапс, подсолнечник, гречиха",Тульская область,Ефремовский район,Ген. дир.: Юшин Виктор Николаевич,oao_dubrovskiy@mail.ru,,8-905-624-7757,"301878, д. Большие Плоты"
«ЕМСК» АО («Ефремовский маслосыродельный комбинат» АО),производство молочной продукции,Тульская область,Ефремовский район,Ген. дир.: Сафинина Алина Александровна,emsk.secretary@lactalis.ru,,(48741) 6-64-36,"301842, г. Ефремов, Ленинградская, 147"
«Иранд» ООО / «Красивомечье» ООО,"пшеница, ячмень, соя",Тульская область,Ефремовский район,Ген. дир.: Пикин Андрей Алексеевич,irand2010@yandex.ru,,"(48741) 6-47-15, 8-905-621-1110","301840, г. Ефремов, Ленина, 22 («Иранд» ООО)"
«КМ» ООО / «ТЗРМ» ООО,"масло кукурузное, рапсовое, жмых рапсовый, жмых кукурузного зародыша; оборудование технологическое для мукомольно-крупяной, комбикормовой и элеваторной промышленности",Тульская область,Ефремовский район,Ген. дир.: Лукьянова Елена Александровна,info@kuboil.ru,https://kuboil.ru/,(4872) 26-80-05,"301847, г. Ефремов, Южный мкр, 12"
«Колхоз им. Суворова» ООО,"пшеница, ячмень, соя, подсолнечник, сахарная свекла",Тульская область,Ефремовский район,Ген. дир.: Воробьева Анна Юрьевна,"HAB_ISV@dominantsugar.ru, va.vorobyeva@dominantsugar.ru",,(48741) 7-10-08,"301888, д. Кугушевские Выселки"
«Красивая Меча» СПК,"пшеница, ячмень, рапс, гречиха",Тульская область,Ефремовский район,Предс.: Сумин Андрей Алексеевич,evgeniya.marshavina@mail.ru,,8-960-596-1274,"301886, с. Мечнянка, административное здание"
«Кубагро» ООО,"пшеница, подсолнечник, соя, рапс",Тульская область,Ефремовский район,Ген. дир.: Маргиев Руслан Яковлевич,ir@kuboil.ru,,8-905-189-7791,"301847, г. Ефремов, Южный мкр., зд. ООО «Кубаньмасло-ЕМЗ»"
«Междуречье Агро» ООО,"пшеница, ячмень, соя, рапс, подсолнечник",Тульская область,Ефремовский район,Ген. дир.: Окороков Александр Дмитриевич,"magro-glotova@yandex.ru, glol13@rambler.ru",,(48741) 9-34-86,"301871, д. Шкилевка"
«Отец и сын» ФХ,ячмень,Тульская область,Ефремовский район,,agrotula71@yandex.ru,,8-961-266-7756,"301862, д. Большая Корчажка"
«Родина» ООО,"пшеница, ячмень, рапс, соя, горох, сахарная свекла, КРС (мясной, молочный)",Тульская область,Ефремовский район,Ген. дир.: Чурилов Александр Михайлович,rodina-tula@bk.ru,,(48741) 9-45-19,"301863, д. Малая Хмелевая"
«Смик - Агро» ООО,"зерновые, масличные, зернобобовые",Тульская область,Ефремовский район,Ген. дир.: Боброва Светлана Владимировна,smik-01@mail.ru,,8-909-261-8842,"301862, д. Крюково"
«СП Золотой Колос» ООО,зерновые,Тульская область,Ефремовский район,Дир.: Рзянкин Николай Васильевич,,,8-950-912-6867,"301880, д. Кытино"
«СП «Русь» ООО,"пшеница, ячмень, подсолнечник",Тульская область,Ефремовский район,Дир.: Ченцова Вера Васильевна,agrorus48@yandex.ru,,"8-980-354-4254, 8-915-554-2827","301885, с. Шилово"
«Ступино» СП ООО,зерновые,Тульская область,Ефремовский район,Ген. дир.: Никитин Альберт Николаевич,ooospstupino@rambler.ru,,(48741) 6-02-06,"301887, с. Ступино"
«Черкизово-МП» ООО,мясоперерабатывающее производство; мука кормовая животного происхождения,Тульская область,Ефремовский район,Дир.: Измайлов Леонид Георгиевич,info@cherkizovo.com,,(495) 660-24-40,"301843, п. Восточный, тер. Мясопереработка, Черкизовская, 2 стр. 1"
«Ефремовский Биохимический Завод» ООО,"кормовая продукция, дрожжи кормовые из зерновой барды",Тульская область,Ефремовский район,Ген. дир.: Степанова Гульнара Владимировна,ebhzavod@mail.ru,,"8-967-757-8225, 8-967-757-5047","301840, г. Ефремов, Московская Застава, 1, комн. 1"
«Ефремовский Элеватор № 2» АО,"хранение, складирование зерна",Тульская область,Ефремовский район,Ген. дир.: Секачёв Василий Михайлович,elevator-2@bk.ru,,(48741) 9-94-15,"301844, д. Заречье"
«КМ» ООО / «ТЗРМ» ООО,"масло кукурузное, рапсовое, жмых рапсовый, жмых кукурузного зародыша; оборудование технологическое для мукомольно-крупяной, комбикормовой и элеваторной промышленности",Тульская область,Ефремовский район,Ген. дир.: Лукьянова Елена Александровна,info@kuboil.ru,https://kuboil.ru/,(4872) 26-80-05,"301847, г. Ефремов, Южный мкр, 12"
«Черкизово-МП» ООО,мясоперерабатывающее производство; мука кормовая животного происхождения,Тульская область,Ефремовский район,Дир.: Измайлов Леонид Георгиевич,info@cherkizovo.com,,(495) 660-24-40,"301843, п. Восточный, тер. Мясопереработка, Черкизовская, 2 стр. 1"
Администрация МО Заокский район,,Тульская область,Заокский район,Глава: Волченков Юрий Алексеевич,ased_mo_zaoksk@tularegion.ru,https://zaokskij-r71.gosweb.gosuslugi.ru/,"(48734) 2-82-25, (48734) 2-82-48","301000, р.п. Заокский, пл. Ленина, 9 Б"
"Отдел экономического развития, предпринимательства и сельского хозяйства администрации МО Заокский район",,Тульская область,Заокский район,Нач.: Жукова Наталия Михайловна,ekonom.zaoksk@tularegion.org,https://zaokskij-r71.gosweb.gosuslugi.ru/,(48734) 2-82-27,"301000, р.п. Заокский, пл. Ленина, 9 Б"
71_Заокский_КФХ 001,"пшеница, ячмень, овес, подсолнечник",Тульская область,Заокский район,,,,8-977-949-1401,"301007, д. Малахово"
71_Заокский_КФХ 002,"пшеница, ячмень, рапс",Тульская область,Заокский район,,,,8-953-953-0531,"301006, с. Симоново"
71_Заокский_КФХ 003,зерновые,Тульская область,Заокский район,,,,8-905-117-9220,"301005, д. Дворяниново"
«СПК «Малахово» ООО,"ячмень, овёс (на кормовые цели); КРС (молочный)",Тульская область,Заокский район,Ген. дир.: Шевцов Анатолий Владимирович,moloko@ruferma.com,,8-800-707-9614,"301007, д. Малахово, Мира, 1"
«ФХ «Вера» ООО,"пшеница, ячмень, рапс, гречиха",Тульская область,Заокский район,Ген. дир.: Ворона Сергей Михайлович,fhvera@yandex.ru,,8-910-943-1109,"301016, с. Ненашево"
Администрация Муниципального Образования Каменский район,,Тульская область,Каменский район,Глава: Карпухина Светлана Викторовна,ased_mo_kamenskiy@tularegion.ru,https://kamenskiy.gosuslugi.ru/,"(48744) 2-15-40, (48744) 2-11-50","301990, с. Архангельское, Тихомирова, 36"
Отдел экономического развития и сельского хозяйства администрации МО Каменский район,,Тульская область,Каменский район,Нач.: Кузина Людмила Андреевна,ased_mo_kamenskiy@tularegion.ru,https://kamenskiy.gosuslugi.ru/,"(48744) 2-15-40, (48744) 2-11-50","301990, с. Архангельское, Тихомирова, 36"
71_Каменский_КФХ 001,картофель,Тульская область,Каменский район,,,,8-920-781-3668,"301981, д. Мясищево"
71_Каменский_КФХ 002,"пшеница, ячмень, гречиха, горох, подсолнечник",Тульская область,Каменский район,,,,8-960-595-4945,"301981, с. Соклаково"
71_Каменский_КФХ 003,пшеница,Тульская область,Каменский район,,,,8-960-600-3719,"301982, д. Преображенское"
71_Каменский_КФХ 004,"пшеница, ячмень",Тульская область,Каменский район,,,,8-920-747-8541,"301982, с. Каменское"
71_Каменский_КФХ 005,зерновые,Тульская область,Каменский район,,,,8-960-601-9675,"301993, д. Кондауровка"
«Молчановское» ООО,"пшеница, ячмень, подсолнечник, соя, рапс",Тульская область,Каменский район,Дир.: Александрова Валентина Платоновна,ooomolchanovskoe@mail.ru,,(4874) 43-27-16,"301984, п. Молчаново, Школьная, 2"
«Новопетровское» ООО,"пшеница, ячмень, кукуруза, подсолнечник, соя",Тульская область,Каменский район,Ген. дир.: Комаров Александр Александрович,novopetrovskiy@mail.ru,,(48744) 2-15-44,"301996, п. Новопетровский"
«ТЭК» ООО,"пшеница, ячмень, соя, подсолнечник, гречиха",Тульская область,Каменский район,Дир.: Саблуков Роман Александрович,starlai@yandex.ru,,8-906-622-0581,"301988, д. Яблонево, Центральная, 24"
Администрация Муниципального Образования Кимовский район,,Тульская область,Кимовский район,Глава: Суханов Евгений Валентинович,ased_mo_kimovsk@tularegion.ru,https://kimovsk.gosuslugi.ru/,(48735) 5-29-92,"301720, г. Кимовск, Ленина, 44 А"
"Отдел экономического развития, предпринимательства и сельского хозяйства администрацим Муниципального Образования Кимовский район",,Тульская область,Кимовский район,Нач.: Фесенко Нина Николаевна,economy.kimovsk@tularegion.org,https://kimovsk.gosuslugi.ru/ofitsialno/struktura-munitsipalnogo-obrazovaniya/ispolnitelno-rasporyaditelnyy-organ-munitsipalnogo-obrazovaniya/strukturnye-podrazdeleniya/otdel-econom-razv-predprinim-i-selsk-hozva/,(48735) 5-29-83,"301720, г. Кимовск, Ленина, 44 А"
71_Кимовский_КФХ 001,"КРС (мясной, молочный)",Тульская область,Кимовский район,,,,8-905-118-4053,"301740, п.Отрада"
71_Кимовский_КФХ 002,зерновые,Тульская область,Кимовский район,,,,8-953-959-8834,"301720, г. Кимовск"
71_Кимовский_КФХ 003,"пшеница, рапс",Тульская область,Кимовский район,,,,8-962-274-4162,"301738, д. Румянцево"
71_Кимовский_КФХ 004,зерновые,Тульская область,Кимовский район,,,,8-960-604-0192,"301740, д. Федосовка"
71_Кимовский_КФХ 005,пшеница (на пищевые и кормовые цели),Тульская область,Кимовский район,,,,8-909-263-6045,"301740, д. Софьинка"
71_Кимовский_КФХ 006,"пшеница, соя, рапс",Тульская область,Кимовский район,,,,8-961-151-9954,"301720, г. Кимовск"
71_Кимовский_КФХ 007,"пшеница, ячмень",Тульская область,Кимовский район,,,,8-906-621-8318,"301751, с. Таболо"
71_Кимовский_КФХ 008,"пшеница, ячмень",Тульская область,Кимовский район,,,,8-960-610-7917,"301736, д. Машково"
71_Кимовский_КФХ 010,"пшеница, ячмень",Тульская область,Кимовский район,,,,8-905-112-8627,"301746, д. Аджамки"
71_Кимовский_КФХ 011,пшеница озимая,Тульская область,Кимовский район,,,,8-910-703-5510,"301731, д. Прощеное"
71_Кимовский_КФХ 012,"овощи, картофель",Тульская область,Кимовский район,,,,8-920-775-9425,"301751, с. Таболо"
71_Кимовский_КФХ 013,"овощи, картофель",Тульская область,Кимовский район,,,,8-961-265-4200,"301751, с. Таболо"
71_Кимовский_КФХ 014,кормовые травы (заготовка кормов),Тульская область,Кимовский район,,,,8-920-792-8911,"301732, д. Александровка"
71_Кимовский_КФХ 015,"пшеница, рожь",Тульская область,Кимовский район,,,,8-903-038-4893,"301743, д. Бегичево"
71_Кимовский_КФХ 016,"КРС (мясной, молочный)",Тульская область,Кимовский район,,,,8-950-911-0785,"301740, д. Кораблино"
71_Кимовский_КФХ 017,"пшеница, ячмень, гречиха",Тульская область,Кимовский район,,,,"8-903-421-4584, (48735) 7-24-11","301740, п. Епифань"
«Восход» ООО,"пшеница, рапс, горох, ячмень (кормовой)",Тульская область,Кимовский район,Ген. дир.: Гревцов Николай Павлович,364960@mail.ru,,(4872) 30-93-00,"301745, с.п. Епифанское, д. Устье"
«Кимовскмолпрод» ООО,"производство молочной продукции (сыры, масло, спреды)",Тульская область,Кимовский район,Ген. дир.: Лойко Игорь Александрович,kimovskmolprodd@yandex.ru,,(48735) 5-29-35,"301721, г. Кимовск, Первомайская, 22 А"
«Кудашево» СПК,"пшеница, ячмень, подсолнечник, соя, рапс",Тульская область,Кимовский район,Предс.: Медведев Николай Александрович,kudashevospk@mail.ru,,"(48735) 7-53-35, (48735) 7-53-54, (48735) 7-53-40","301736, д. Кудашево"
«Муравлянский» СПК,"пшеница, ячмень, рапс, гречиха, горох",Тульская область,Кимовский район,Предс.: Губанов Виктор Алексеевич,muravlianka@yandex.ru,,"(48735) 7-32-16, 7-32-38","301742, с. Муравлянка, терр. СПК Муравлянский"
«Перепелкины и Жоевъ» ООО,разведение сельскохозяйственной птицы,Тульская область,Кимовский район,Ген. дир.: Скрипов Иван Владимирович,zakaz.perepelki@gmail.com,,8-953-188-8254,"301737, д. Лопухиновка, д. 4"
«Тульский винокуренный завод 1911» ООО,"производство ликеро-водочной продукции (водка, виски, бренди, ликеры)",Тульская область,Кимовский район,Ген. дир.: Коваленко Юлия Евгеньевна,office-tula@tvz1911.ru,,(4872) 71-71-56,"301733, Кимовский район, п. Пронь, Заводская, 10, стр. 23, пом. 9"
«Дон-Трейд» ООО,оптовая торговля зерном,Тульская область,Кимовский район,Дир.: Савосин Александр Валериевич,don-trade2014@mail.ru,,"8-961-148-9922, (48735) 5-71-41","301721, г. Кимовск, Бессолова, 41-А, оф./этаж 3/2"
«Кимовское ХПП» АО,хранение и складирование зерна,Тульская область,Кимовский район,Ген. дир.: Савосин Александр Валериевич,don-trade2014@mail.ru,"https://hpp-kimovsk.ru/, https://hpp-kimovsk.ru/","(48735) 5-71-41, (48735) 5-97-14","301721, г. Кимовск, Бессолова, 41 А"
Администрация М.О. Киреевский район,,Тульская область,Киреевский район,Глава: Галкин Владислав Станиславович,amo.kireevsk@tularegion.ru,https://kireevsk.gosuslugi.ru/,(48754) 6-15-46,"301260, г. Киреевск, Титова, 4"
Управление сельского хозяйства администрации М.О. Киреевский район,,Тульская область,Киреевский район,,amo.kireevsk@tularegion.ru,https://kireevsk.gosuslugi.ru/,(48754) 6-10-97,"301260, г. Киреевск, Титова, 4"
71_Киреевский_КФХ 001,зерновые,Тульская область,Киреевский район,,,,8-920-273-9796,"301274, с. Дедилово"
71_Киреевский_КФХ 002,"пшеница, ячмень, овес, рапс",Тульская область,Киреевский район,,,,8-961-265-2888,"301275, д. Большие Калмыки"
71_Киреевский_КФХ 003,"пшеница, ячмень",Тульская область,Киреевский район,,,,8-953-963-1401,"301261, г. Киреевск"
71_Киреевский_КФХ 004,"пшеница (на пищевые и кормовые цели), овес ( на кормовые цели), горчица",Тульская область,Киреевский район,,,,8-920-767-9295,"301267, п. Октябрьский"
71_Киреевский_КФХ 005,пшеница,Тульская область,Киреевский район,,,,8-905-111-1564,"301283, с. Новоселебное"
71_Киреевский_КФХ 006,зерновые,Тульская область,Киреевский район,,,,8-905-629-0445,"301288, п. Шварцевский"
71_Киреевский_КФХ 007,зерновые,Тульская область,Киреевский район,,,,8-953-957-2171,"301264, с. Головлино"
71_Киреевский_КФХ 008,"пшеница, ячмень, овес",Тульская область,Киреевский район,,,,8-962-273-2208,"301262, д. Брусяновка"
71_Киреевский_КФХ 009,зерновые,Тульская область,Киреевский район,,,,8-905-115-1604,"301274, с. Дедилово"
«Агрокомплекс Болохово» ООО,"гречиха, рапс, ячмень, рожь, соя",Тульская область,Киреевский район,Дир.: Ушаков Дмитрий Сергеевич,info@agrobol.ru,https://agrobol.ru/,8-906-534-2000,"301280, г. Болохово, Соловцова, 7"
«Заря» АО им. А.Ф. Попова,"пшеница, соя, рапс, подсолнечник; молочная продукция (масло, творог, кефир, ряженка); КРС (мясной, молочный)",Тульская область,Киреевский район,Ген. дир.: Попов Александр Александрович,zao-zar@mail.ru,,"(48754) 4-74-85, (48754) 4-74-91, 4-74-69","301274, с. Дедилово, Советская, 62"
«Мано» ООО,"пшеница, рапс, соя; картофель",Тульская область,Киреевский район,Ген. дир.: Окроян Руслан Григорьевич,glbuh@mano-agro.ru,,(49970) 2-45-42,"301292, с. Майское, 47"
«Плюс» ООО,зерновые,Тульская область,Киреевский район,Дир.: Чудакова Юлия Васильевна,plussooo@yandex.ru,,8-960-605-2022,"301262, д. Брусяновка, 85 А"
«Победитель» ООО,"пшеница, соя, рапс, горох",Тульская область,Киреевский район,Ген. дир.: Ефанов Андрей Владимирович,oopobeda@mail.ru,,"8-919-081-9075, 8-953-970-4455","301262, г. Киреевск, Комсомольская, 33"
«Правда» ООО,"пшеница (на кормовые и пищевые цели), овес, горчица, соя",Тульская область,Киреевский район,Ген. дир.: Полиенко Сергей Леонидович,ooo.prawda@yandex.ru,,"8-920-278-4550, 8-920-271-2021","301269, д. Мостовая, Садовая, 31/1, помещ. 1, зд. крытый ток"
«Рассвет» ОАО,"пшеница, ячмень, овес, гречиха, соя, рапс, рыжик, лен",Тульская область,Киреевский район,Ген. дир.: Медынцев Николай Алексеевич,spk_rassvet71@mail.ru,,"(48754) 4-16-42, (48754) 4-16-41, (48754) 4-16-10","301268, д. Черная Грязь"
«Совхоз Парники» ООО,"рапс яровой, соя",Тульская область,Киреевский район,Дир.: Ушаков Дмитрий Сергееви,ushakov_d.s@mail.ru,,8-906-534-2000,"301280, г. Болохово, Соловцова, 7"
Администрация МО Куркинский Муниципальный округ Тульской области,,Тульская область,Куркинский район,Глава: Калина Геннадий Михайлович,ased_mo_kurkino@tularegion.ru,https://kurkinskij-r71.gosweb.gosuslugi.ru/,"(48743) 5-12-87, 5-16-33","301940, р.п. Куркино, Театральная, 22"
Сектор сельского хозяйства администрации МО Куркинский Муниципальный округ Тульской области,,Тульская область,Куркинский район,Рук.: Троненко Анастасия Владимировна,Anastasiya.Sviridkina@tularegion.org,https://kurkinskij-r71.gosweb.gosuslugi.ru/ofitsialno/struktura-munitsipalnogo-obrazovaniya/ispolnitelno-rasporyaditelnyy-organ-munitsipalnogo-obrazovaniya/strukturnye-podrazdeleniya/,(48743) 5-14-63,"301940, р.п. Куркино, Театральная, 22, каб. 105"
71_Куркинский_КФХ 001,"пшеница, соя",Тульская область,Куркинский район,,,,8-905-111-8684,"301940, рп. Куркино"
71_Куркинский_КФХ 002,"пшеница, ячмень",Тульская область,Куркинский район,,,,8-903-845-5012,"301930, п. Птань"
71_Куркинский_КФХ 003,пшеница,Тульская область,Куркинский район,,,,8-920-746-2068,"301951, с. Кресты"
71_Куркинский_КФХ 004,зерновые,Тульская область,Куркинский район,,,,8-906-626-4521,"301951, с. Кресты"
71_Куркинский_КФХ 005,"пшеница, ячмень, соя",Тульская область,Куркинский район,,,,(48743) 5-11-04,"301932, д. Барановка"
71_Куркинский_КФХ 006,"пшеница, соя, рапс",Тульская область,Куркинский район,,,,8-920-759-3880,"301951, с. Кресты"
71_Куркинский_КФХ 007,ячмень,Тульская область,Куркинский район,,,,8-905-118-1290,"301940, р.п. Куркино"
71_Куркинский_КФХ 008,"пшеница, ячмень, соя",Тульская область,Куркинский район,,,,8-920-765-9412,"301950, п. Михайловский"
71_Куркинский_КФХ 009,зерновые,Тульская область,Куркинский район,,,,8-950-910-7704,"301940, р.п. Куркино"
71_Куркинский_КФХ 010,"пшеница, рапс, ячмень (на кормовые цели)",Тульская область,Куркинский район,,,,8-962-275-5319,"301940, рп Куркино"
«Знаменское» ООО / «Знаменский» СПК,"пшеница, ячмень, кукуруза, соя, рапс, горох",Тульская область,Куркинский район,Ген. дир.: Евланов Михаил Алексеевич,znamenskoe-08@yandex.ru,,"(48743) 3-32-36, (48743) 3-32-31","301950, д. Грачевка, Дорожная, 9"
«Опытное Хозяйство» ООО,"пшеница, ячмень, подсолнечник, соя",Тульская область,Куркинский район,Ген. дир.: Кочетков Александр Владимирович,adob-rus@mail.ru,,"(48743) 3-12-23, 8-915-850-1411, (48743) 8-905-178-7037","301949, д. Ивановка, Центральная, 2"
«Откормочное» АО / «Откормочное» ООО,"пшеница, ячмень, горох",Тульская область,Куркинский район,Дир.: Кочнев Александр Иванович,"otkormochnoe@mail.r, u",,"(48743) 3-13-42, (48743) 3-13-41","301948, п. Самарский, Спиртзаводская, 42"
«Русская Нива» АЦ ООО,"полуфабрикаты из мяса птицы (цыплят-бройлеров, индеек, индюшат)",Тульская область,Куркинский район,Ген. дир.: Снегирев Александр Сергеевич,"ru.niva@mail.r, u, ru.niva2@mail.ru",,8-920-272-0522,"301940, п. Куркино, Октябрьская, 139, помещ. 1"
«Скат-Р» ООО,"пшеница, ячмень, горох",Тульская область,Куркинский район,Дир.: Курилкин Валерий Серафимович,otkormochnoe@mail.ru,,"8-920-740-5578, (48743) 3-13-42","301948, п. Самарский, Спиртзаводская, 42, помещ. 12"
«Терра Технология» ООО,"пшеница, ячмень, лен масличный, соя, рапс",Тульская область,Куркинский район,Ген. дир.: Гуров Андрей Васильевич,terratechno@bk.ru,,8-905-178-7037,"301949, д. Ивановка, Центральная, 3 А"
«Хлебороб» СПК,"пшеница, ячмень, соя, рапс, горох",Тульская область,Куркинский район,Предс.: Красный Павел Павлович,red-hleborob@mail.ru,,"(48743) 3-26-40, 8-905-115-8704","301951, с. Кресты, Заводская, 5"
«Юкка Парк» ООО,садоводство (яблоки),Тульская область,Куркинский район,Ген. дир.: Карапетян Владимир Ашотович,info@yukkapark.ru,,8-999-980-2055,"301948, п. Самарский, Спиртзаводская, 2"
«Михайловское» ООО,предоставление услуг в области растениеводства,Тульская область,Куркинский район,Ген. дир.: Ахматова Татьяна Владимировна,mihprostor@mail.ru,,8-920-789-1582,"301950, п. Михайловский, Восточный пер, 5"
«Протмикс» ООО,"производство кормового микробиологического белка, премиксов, кормовых витаминов, антибиотиков, аминокислот и ферментов, готовых кормов",Тульская область,Куркинский район,Ген. дир.: Калина Сергей Геннадиевич,protmix_tula@mail.ru,,8-953-966-7102,"301940, р.п. Куркино, Коммунальная, 13 Д"
71_Ленинский_КФХ 001,"овощеводство (огурцы, помидоры)",Тульская область,Ленинский район,,,,8-903-840-7722,"301109, с. Лутовиново"
71_Ленинский_КФХ 002,"пшеница, ячмень, овес, соя, рапс, горох",Тульская область,Ленинский район,,,,8-910-585-8708,"301103, д. Кишкино"
71_Ленинский_КФХ 003,"пшеница, горох",Тульская область,Ленинский район,,,,8-952-019-6944,"301133, д. Малахово"
71_Ленинский_КФХ 004,пшеница,Тульская область,Ленинский район,,,,8-960-594-8168,"301109, п. Сергиевский"
«Возрождение» АО,"пшеница, ячмень",Тульская область,Ленинский район,Ген. дир.: Новикова Софья Игоревна,"agro.rus71@gmail.com, referent-tula@yandex.ru",,8-910-077-7171,"301121, д. Юрьево, 100 Б, офис 4"
«Приупские Зори» СПК,"овощи (морковь, свекла, капуста)",Тульская область,Ленинский район,Предс.: Старовойтов Владимир Дмитриевич,priupskiezory@mail.ru,,(4872) 72-87-40,"301115, с. Хрущево, Совхозная"
«Сельхозагропром» ООО,"пшеница, овес, гречиха, горох",Тульская область,Ленинский район,Дир.: Козлов Дмитрий Константинович,ooosap@inbox.ru,,(4872) 25-20-63,"301136, д. Малевка"
«ТД «Богучарово-Маркет» ООО,"переработка и консервирование фруктов (плоды и ягоды протертые или дробленые, варенья, джемы, пюре фруктовые и овощные и др.)",Тульская область,Ленинский район,Ген. дир.: Тиман Сергей Александрович,bmark@tula.net,,(4872) 72-68-73,"301137, Ленинский р-н, п. Октябрьский"
«Тульская» П/Ф АО,"яйца куриные, мясо птицы",Тульская область,Ленинский район,Ген. дир.: Ткаченко Марина Владимировна,info@tulpf.ru,"https://www.tulpf.ru/, https://www.tulpf.ru/, https://www.tulpf.ru/","(4872) 46-73-13, 8-953-959-2437","301118, п. Молодежный, Карбышева, 17"
«Тульский Продукт» ООО,"переработка и консервирование фруктов и овощей (огурцы соленые, томаты соленые; фрукты протертые и дробленые; консервы из фасоли; варенья и др.)",Тульская область,Ленинский район,Ген. дир.: Тарарышкин Эдуард Викторович,ptktp@mail.ru,,(4872) 70-22-36,"301117, с. Архангельское, Тепличная, 7"
«Элитные Семена» КФХ,"зерновые, масличные",Тульская область,Ленинский район,,kfh.tula@mail.ru,,(4872) 72-61-82,"301130, сп. Ленинский"
Администрация Муниципального Образования Город Новомосковск,,Тульская область,Новомосковский район,Глава: Бутов Руслан Владимирович,adm.novomoskovsk@tularegion.ru,https://novomoskovsk-r71.gosweb.gosuslugi.ru/,"(48762) 2-71-50, (48762) 9-99-15","301650, г. Новомосковск, Комсомольская, 32/32"
Отдел предпринимательства и сельского хозяйства администрации МО г. Новомосковск,,Тульская область,Новомосковский район,Нач.: Юракова Валентина Владимировна,Yurakova@nmosk.ru,https://novomoskovsk-r71.gosweb.gosuslugi.ru/,(48762) 2-72-29,"301650, г. Новомосковск, Комсомольская, 32/32"
71_Новомосковский_КФХ 001,зерновые,Тульская область,Новомосковский район,,,,8-906-627-6666,"301682, с. Гремячее"
71_Новомосковский_КФХ 002,зерновые,Тульская область,Новомосковский район,,,,8-905-624-6861,"301698, п. Коммунар"
71_Новомосковский_КФХ 003,зерновые,Тульская область,Новомосковский район,,,,8-963-226-5695,"301654, д. Красное Гремячево"
71_Новомосковский_КФХ 004,"пшеница, ячмень",Тульская область,Новомосковский район,,,,8-909-263-1798,"301682, с. Гремячее"
«Богатырь» ООО,"пшеница, рапс",Тульская область,Новомосковский район,Ген. дир.: Пахомов Андрей Михайлович,bogatir71@mail.ru,,(48762) 9-37-02,"301685, п. Красный Богатырь, Центральная, 13"
«ЖАК» ООО,"пшеница (на пищевые и кормовые цели), ячмень, рапс, КРС",Тульская область,Новомосковский район,Ген. дир.: Окроян Руслан Григорьевич,zhak2024@yandex.ru,,8-950-922-0705,"301650, д. Холтобино, С.С. Гукова, 38, стр. 5"
«Мукомол» ООО,производство муки,Тульская область,Новомосковский район,Ген. дир.: Самоделко Дмитрий Викторович,ooomuckomol@yandex.ru,,(48762) 9-24-10,"301699, п. Ширинский, Зеленая, 26"
«Новомосковский Мелькомбинат» ЗАО,мука пшеничная хлебопекарная; комбикорма,Тульская область,Новомосковский район,Ген. дир.: Войтеховский Сергей Валерьевич,info@nmkhp.ru,,"(48762) 9-98-38, 6-08-08","301652, г. Новомосковск, Новая, 1"
«Спасское» имени В.А. Стародубцева ООО,"пшеница, ячмень, рожь, рапс, соя, горох, кукуруза (на пищевые и кормовые цели); картофель",Тульская область,Новомосковский район,Ген. дир.: Стародубцев Василий Викторович,info@spasskoe.ru,,(48723) 3-77-33,"301686, с. Спасское, Центральная, 1, А"
«Новомосковский Мелькомбинат» ЗАО,мука пшеничная хлебопекарная; комбикорма,Тульская область,Новомосковский район,Ген. дир.: Войтеховский Сергей Валерьевич,info@nmkhp.ru,,"(48762) 9-98-38, 6-08-08","301652, г. Новомосковск, Новая, 1"
«Трейдинг» ООО,оптовая торговля зерном,Тульская область,Новомосковский район,Ген. дир.: Яицкий Александр Петрович,Trayding22@gmail.com,,(48762) 9-72-30,"301657, г. Новомосковск, Космонавтов, 37, оф. 212"
Администрация Муниципального Образования Одоевский район,,Тульская область,Одоевский район,Глава: Волков Вадим Геннадьевич,ased_mo_odoev@tularegion.ru,https://odoev71.gosuslugi.ru/,"(48736) 5-24-34, (48736) 5-25-15","301440, р.п. Одоев, Льва Толстого, 3"
Отдел экономического развития и сельского хозяйства Администрации МО Одоевский район,,Тульская область,Одоевский район,Зав. отд.: Белова Лариса Владимировна,larisa.belova@tularegion.org,https://odoev71.gosuslugi.ru/ofitsialno/struktura-munitsipalnogo-obrazovaniya/ispolnitelno-rasporyaditelnyy-organ-munitsipalnogo-obrazovaniya/strukturnye-podrazdeleniya/otdel-ekonomiki/,(48736) 5-25-15,"301440, р.п. Одоев, Льва Толстого, 3, каб. 11"
71_Одоевский_КФХ 001,садоводство,Тульская область,Одоевский район,,,,8-903-421-0136,"301440, п. Одоев"
71_Одоевский_КФХ 002,"зерновые, КРС",Тульская область,Одоевский район,,,,8-901-578-7882,"301446, с. Говоренки"
71_Одоевский_КФХ 003,"пшеница, гречиха",Тульская область,Одоевский район,,,,8-906-531-1422,"301450, с. Жемчужниково"
71_Одоевский_КФХ 004,зерновые,Тульская область,Одоевский район,,,,8-905-115-8714,"301453, д. Мызовка"
71_Одоевский_КФХ 005,"пшеница, овёс",Тульская область,Одоевский район,,,,"8-963-226-7140, 8-903-037-4199","301453, д. Масловка"
71_Одоевский_КФХ 006,зерновые,Тульская область,Одоевский район,,,,8-962-277-4680,"301450, с. Жемчужниково"
71_Одоевский_КФХ 007,овощи,Тульская область,Одоевский район,,,,8-910-554-3320,"301440, р.п. Одоев"
71_Одоевский_КФХ 008,зерновые,Тульская область,Одоевский район,,,,8-903-844-5959,"301440, с. Николо-Жупань"
«Восход» ООО,"пшеница, ячмень",Тульская область,Одоевский район,Ген. дир.: Сергеев Алексей Николаевич,voshod-1998@mail.ru,,"(48736) 5-41-24, 8-920-753-5085","301454, с. Стояново, Центральная, 7"
«Одоевские Консервы» ООО,"переработка и консервирование фруктов и овощей (джемы, повидло, пюре и др.)",Тульская область,Одоевский район,Дир.: Васильев Михаил Александрович,OdoevPovidlo@yandex.ru,,(48736) 4-19-34,"301440, р.п. Одоев, Карла Маркса, 152"
«Одоевские Сады» ООО,"пшеница, овёс",Тульская область,Одоевский район,Дир.: Хорошилов Виктор Николаевич,odoevskie-sadi@yandex.ru,,"(48736) 4-14-31, (48736) 4-15-61","301440, р.п. Одоев, 50 лет Октября, 59"
«Одоевсксельхозхимия» АО,"пшеница, овёс",Тульская область,Одоевский район,Ген. дир.: Чунин Евгений Михайлович,zao_petrovskoe1@mail.ru,,8-939-859-6245,"301440, р.п. Одоев, 50 Лет Октября, 135"
«Спин» ООО,зерновые,Тульская область,Одоевский район,Ген. дир: Щевелев Алексей Иванович,,,8-920-422-4320,"301440, р.п. Одоев, Л. Толстого, 28"
«Стрелец» КФХ,зерновые,Тульская область,Одоевский район,,,,8-920-751-0770,"301450, с. Жемчужниково"
«Стрелецкий» СПК,зерновые,Тульская область,Одоевский район,Предс.: Толкачев Николай Иванович,spk.streletskij@yandex.ru,,8-903-751-9612,"301451, п. Стрелецкий, Стрелецкая пл., 97"
«Тюринский» АПК ООО,"пшеница, ячмень, овес, гречиха, рапс",Тульская область,Одоевский район,Ген. дир.: Степанов Вадим Вячеславович,tol@turinsky.ru,,(48736) 5-36-50,"301454, с. Рылево, Центральная, 48"
Администрация Муниципального Образования Плавский Муниципальный округ Тульской области,,Тульская область,Плавский район,Глава: Гарифзянов Андрей Рузильевич,ased_mo_plavsk@tularegion.ru,https://plavskij-r71.gosweb.gosuslugi.ru/,"(48752) 2-12-35, (48752) 2-21-01","301470, г. Плавск, Коммунаров, 43"
"Отдел экономического развития, предпринимательства и сельского хозяйства администрации МО Плавский Муниципальный округ Тульской области",,Тульская область,Плавский район,Нач.: Карпова Ольга Анатольевна,otdel.sh@tularegion.org,https://plavskij-r71.gosweb.gosuslugi.ru/persony/persony_42.html,(48752) 2-22-01,"301470, г. Плавск, Коммунаров, 43"
71_Плавский_КФХ 001,"пшеница, рапс, соя, горох",Тульская область,Плавский район,,,,8-915-780-0720,"301470, г. Плавск"
71_Плавский_КФХ 002,"овцы, козы",Тульская область,Плавский район,,,,8-964-771-0877,"301494, д. Крутое"
«Авакс» ООО,"пшеница, соя, рапс",Тульская область,Плавский район,Дир.: Гурман Олеся Сергеевна,ooo_avaks@bk.ru,,8-905-115-4354,"301478, с. Мещерино, Магистральная, 2 А, оф. 1"
«Агросфера» ООО / «Ольховское» КФХ / «Тульская Нива» ЗАО,"пшеница, ячмень, овес, рапс, соя, гречиха, горох, фасоль",Тульская область,Плавский район,Ген. дир./Глава: Купарев Евгений Алексеевич,tulanivabuh@yandex.ru,,"(4872) 70-04-55, (4872) 70-04-53","301483, д. Новое Жуково («Агросфера» ООО)"
«Камынино» ООО,"пшеница, ячмень, рапс, горох",Тульская область,Плавский район,Дир.: Пилипенко Дмитрий Анатольевич,kaminino-plavsk@yandex.ru,,(48752) 3-23-41,"301477, с. Камынино, Парковая, 5"
«Коммунар» СПК,"пшеница, ячмень, КРС",Тульская область,Плавский район,Предс.: Семин Виктор Павлович,buhkom@list.ru,,"(48752) 3-27-33, 8-950-901-4937","301479, д. Ивановское-1, Центральная, 16"
«Тритикум» ООО,"подсолнечник, кукуруза, подсолнечник, соя, рапс, горох",Тульская область,Плавский район,Дир.: Богданов Владимир Михайлович,offlce@tritikum.ru,,8-903-996-3777,"301476, с. Сорочинка, Центральная, 25, оф. 21"
«Тульская Земля» ООО,"пшеница, подсолнечник, соя, рапс, горох",Тульская область,Плавский район,Дир.: Согдеев Роман Брониславович,tulskayaz@list.ru,,8-960-120-1967,"301470, г. Плавск, Орлова, 2 А, стр. 10, помещ. 29, этаж 2"
«Ударник» ООО,"пшеница, соя, рапс, подсолнечник, горох, люпин",Тульская область,Плавский район,Дир.: Паршиков Сергей Сергеевич,buhudarnik@list.ru,,(48752) 3-37-44,"301488, п. Диктатура, Советская, 13"
«Плавское ХПП» АО,хранение и складирование зерна,Тульская область,Плавский район,Ген. дир.: Чуприкова Марина Аркадьевна,chumarark@gmail.com,,(48752) 2-23-76,"301470, г. Плавск, Заводская, 30"
Администрация Муниципального Образования Суворовский район,,Тульская область,Суворовский район,Глава: Фомичев Юрий Станиславович,yuriy.fomichev@tularegion.ru,https://suvorovskij-r71.gosweb.gosuslugi.ru/,"8-980-589-9119, (48763) 2-41-90, 2-70-06","301430, г. Суворов, Победы, 1"
71_Суворовский_КФХ 001,"зерновые, КРС",Тульская область,Суворовский район,,,,8-953-195-8363,"301430, г. Суворов"
71_Суворовский_КФХ 002,зерновые,Тульская область,Суворовский район,,,,8-910-163-2653,"301405, с. Доброе"
«Агрофармтрест» ООО,"молоко, молочная продукция (сметана, творог, масло и др.)",Тульская область,Суворовский район,Ген. дир.: Бухаров Дмитрий Викторович,buharov-dv@geraklion.ru,,(4872) 38-56-66,"301430, д. Михайловка, стр. 1В, офис 1"
«Егорша» КФХ,картофель,Тульская область,Суворовский район,,,https://www.egorsha.ru/,"8-919-082-7153, 8-903-841-7406","301423, с. Красное Михайлово"
«Заря» ООО,пшеница,Тульская область,Суворовский район,Ген. дир.: Гасанов Азер Сахраддин Оглы,Ayhan95@yandex.ru,,8-910-000-7532,"301423, п. Михайловский, 16"
«Радферм» ООО,"овцы, козы",Тульская область,Суворовский район,Ген. дир.: Михалев Николай Михайлович,radfermk@mail.ru,,8-906-621-9629,"301430, г. Суворов, Тульская, 1 В, помещ. 27"
«Черепетский Рыбхоз» АО,рыбоводство,Тульская область,Суворовский район,Ген. дир.: Орлов Валерий Тимофеевич,catfishsuvorov@yandex.ru,,"(48763) 4-23-36, (48763) 4-23-39","301432, г. Суворов, Прибрежная, 17 А"
«Экспресс» Агрофирма ООО,пшеница,Тульская область,Суворовский район,Дир.: Ермаков Алексей Александрович,agrofirmaexpress@mail.ru,,8-961-261-0940,"301430, г. Суворов, Спортивная, 2"
«Черепетское ХПП» ООО,хранение и складирование зерна,Тульская область,Суворовский район,Ген. дир.: Шавкунов Дмитрий Юрьевич,,,(48763) 5-56-49,"301412, Суворовский р-н, п. Новая Черепеть, Железнодорожная, 1"
Администрация МО Тепло-Огарёвский район,,Тульская область,Тёпло-Огарёвский район,Глава: Попов Роман Игоревич,ased_mo_teploe@tularegion.ru,https://teploogarevskij-r71.gosweb.gosuslugi.ru/,(48755) 0-31,"301900, р.п. Теплое, Советская, 3"
71_Тёпло-Огарёвский_КФХ 001,"пшеница, ячмень",Тульская область,Тёпло-Огарёвский район,,,,8-909-260-1427,"301900, р.п. Тёплое"
71_Тёпло-Огарёвский_КФХ 002,"пшеница, ячмень",Тульская область,Тёпло-Огарёвский район,,,,8-903-036-3238,"301908, п. Мичуринский"
71_Тёпло-Огарёвский_КФХ 003,"пшеница, ячмень; переработка и консервирование овощей и фруктов",Тульская область,Тёпло-Огарёвский район,,,,8-920-776-7222,"301900, р.п. Теплое"
71_Тёпло-Огарёвский_КФХ 004,"пшеница, соя, гречиха, ячмень",Тульская область,Тёпло-Огарёвский район,,,,8-906-531-2201,"301906, д. Бродиловка"
71_Тёпло-Огарёвский_КФХ 005,"пшеница, ячмень, овес, горох, соя, люпин",Тульская область,Тёпло-Огарёвский район,,,,8-906-530-7007,"301914, д. Доробино"
71_Тёпло-Огарёвский_КФХ 006,овощи,Тульская область,Тёпло-Огарёвский район,,,,8-963-227-0388,"301900, р.п. Теплое"
71_Тёпло-Огарёвский_КФХ 007,картофель,Тульская область,Тёпло-Огарёвский район,,,,8-920-744-3570,"301908, п. Мичуринский"
71_Тёпло-Огарёвский_КФХ 008,"пшеница, ячмень",Тульская область,Тёпло-Огарёвский район,,,,8-906-531-2202,"301906, д. Бродиловка"
71_Тёпло-Огарёвский_КФХ 009,"пшеница, ячмень",Тульская область,Тёпло-Огарёвский район,,,,(48755) 3-11-21,"301902, д. Озерки"
«Большая Дубрава» ООО / «МТС «Красногвардейская» - Верховье Дона» ООО,"пшеница, ячмень, соя, овес, горох",Тульская область,Тёпло-Огарёвский район,Дир.: Евстратов Николай Васильевич,b.dubrava@mail.ru,,"(48755) 3-54-92, (48755) 3-54-37","301900, с. Волчья Дубрава («Большая Дубрава» ООО)"
«Восход» КФХ,"пшеница, ячмень",Тульская область,Тёпло-Огарёвский район,,voshodteploe@yandex.ru,,"9-915-687-2882, 8-980-720-4715","301902, д. Озерки"
«Горьковское» ООО,"пшеница, ячмень, гречиха",Тульская область,Тёпло-Огарёвский район,Ген. дир.: Жукова Оксана Николаевна,faa-g@mail.ru,,(48755) 3-17-41,"301909, п. Горьковский, д. 1"
«Грин Эпл» ООО,садоводство,Тульская область,Тёпло-Огарёвский район,Ген. дир.: Максименкова Елена Павловна,zelensad2014@mail.ru,,8-963-227-0388,"301900, Тепло-Огаревский р-н, р.п. Теплое, Фролова, 97"
«Диана Плюс» ООО,"пшеница, соя, горох",Тульская область,Тёпло-Огарёвский район,Дир.: Алавердова Наталья Александровна,dianaplyusteploe@yandex.ru,,8-903-841-1181,"301900, р.п. Теплое, Фролова, 103"
«,"пшеница, ячмень",Тульская область,Тёпло-Огарёвский район,,,,8-953-425-6464,"301914, д. Доробино"
«Нарышкино» ЗАО,"пшеница, ячмень, подсолнечник, соя, рапс",Тульская область,Тёпло-Огарёвский район,Дир.: Жаров Александр Анатольевич,zaonarishkino@mail.ru,,"(48755) 4-21-30, (48755) 4-21-21, 8-960-612-8415","301921, с. Нарышкино"
«Нива» ООО,"зерновые, масличные",Тульская область,Тёпло-Огарёвский район,Дир.: Логвинов Сергей Анатольевич,niva27032007@yandex.ru,,(48755) 2-10-73,"301900, пгт. Теплое, Советская, 70"
«Изумрудный Мир» ООО,"саженцы плодовых деревьев, кустарников",Тульская область,Тёпло-Огарёвский район,Ген. дир.: Моисеев Андрей Васильевич,,https://xn----gtbiddetdg2ag1ac8i.xn--p1ai/%D0%BA%D0%BE%D0%BD%D1%82%D0%B0%D0%BA%D1%82%D1%8B/,8-910-555-7042,"301900, Тепло-Огаревский р-н, р.п. Теплое, Фролова, 108 А"
Администрация Города Тулы,,Тульская область,Тула г.,Глава: Беспалов Илья Ильич,post@cityadm.tula.ru,https://tulacity.gosuslugi.ru/,"(4872) 56-89-43, 36-11-72","300041, г. Тула, пр-кт Ленина, 2"
"Министерство Сельского Хозяйства, Природных Ресурсов и Экологии Тульской области",,Тульская область,Тула г.,Зам. предс. правительства - министр: Степин Алексей Степанович,agroeco@tularegion.ru,https://agroeco.tularegion.ru/,"(4872) 24-51-78, (4872) 36-71-50, 31-15-18, (4872) 24-51-04, (4872) 37-11, (4872) 24-52-68, (4872) 37-02, (4872) 47-01, (4872) 38-28, (4872) 24-51-04, (4872) 37-05, (4872) 24-51-04, (4872) 48-81, (4872) 24-51-04, (4872) 37-03, (4872) 36-71-70, 31-15-18","300045, г. Тула, Оборонная, 114 А"
Управление экономического развития администрации Города Тулы,,Тульская область,Тула г.,Нач.: Калгина Елена Анатольевна,post@cityadm.tula.ru,https://tulacity.gosuslugi.ru/ofitsialno/struktura-munitsipalnogo-obrazovaniya/administratsiya-goroda-tuly/otraslevye-funktsionalnye-i-territorialnye-organy/upravlenie-ekonomicheskogo-razvitiya/persony-sektora-sh_675.html,(4872) 30-47-91,"300041, г. Тула, Советская, 112, каб. 14"
71_Тула_КФХ 001,садоводство,Тульская область,Тула г.,,,,8-961-148-0245,"300000, г. Тула"
71_Тула_КФХ 002,зерновые,Тульская область,Тула г.,,,,8-920-758-5520,"300000, г. Тула"
71_Тула_КФХ 003,"пшеница, ячмень",Тульская область,Тула г.,,,,8-910-946-9115,"300028, г. Тула"
«Автомехпром» ООО,пшеница,Тульская область,Тула г.,Дир.: Акентьев Денис Борисович,avtomehprom7@yandex.ru,,8-962-277-2969,"300022, г. Тула, Октябрьская, 311, к. 5/8"
«Агропром» ООО,"производство муки ржаной, отруби ржаные, хлопья овсяные",Тульская область,Тула г.,Ген. дир.: Степанов Иван Александрович,agrotula2009@yandex.ru,,(4872) 39-03-95,"300005, г. Тула, 1-я Прокатная, 8"
«Билагро» ООО,зерновые,Тульская область,Тула г.,Ген. дир.: Билибин Александр Александрович,info@bilagro.com,,8-916-333-8899,"300012, г. Тула, пр-кт Ленина, 85 Г, оф. 303"
«Воплощение» ООО,"овощи листовые свежие (шпинат, руккола)",Тульская область,Тула г.,Дир.: Самошин Андрей Анатольевич,salattula@ya.ru,,8-905-626-4477,"300041, г. Тула, пр-кт Ленина , 50 Г, стр. 2, помещ. 10"
«Лаванда» ООО,"пшеница, ячмень, рапс, соя",Тульская область,Тула г.,Ген. дир.: Сенаторов Константин Михайлович,ksenatorov@yandex.ru,,8-915-460-7025,"300045, г. Тула, Новомосковское шоссе, 54, оф. 26"
«Роялагро-Тула» ООО,зерновые; яблоки,Тульская область,Тула г.,Ген. дир.: Кудряшов Александр Владимирович,agroniva2007@yandex.ru,,(4872) 70-13-56,"300041, г. Тула, Лейтейзена, 1 В, оф. 2"
«Зерновой Союз» ООО,"торговля оптовая зерновыми, масличными",Тульская область,Тула г.,Ген. дир.: Бетертдинова Эльвира Хусяиновна,Bete.elvira@yandex.ru,,8-953-974-8367,"300002, г. Тула, Демидовская, 63, офис 16-а"
«Природа» НПО ООО,производство и реализация удобрений,Тульская область,Тула г.,Дир.: Сопова Татьяна Евгеньевна,priroda_tula@mail.ru,,(48723) 6-68-73,"300034, г. Тула, Демонстрации, 38 Б"
«ТАЦ» АО («Тульский аграрный центр» АО),"семена отечественной селекции (рапс, кукуруза, подсолнечник, пшеница); СЗР; ГСМ",Тульская область,Тула г.,Ген. дир.: Зябрева Юлия Александровна,agrocentr1@mail.ru,https://www.agrocenter-tula.ru/,"(4872) 25-56-24, (4872) 25-56-20, (4872) 25-56-29, 8-920-759-4443","300012, г. Тула, Мориса Тореза, 5 к. 2, помещ. 2, этаж 3"
«ТЗК» ООО,"хранение и складирование зерна, оптовая торговля зерном",Тульская область,Тула г.,Дир.: Волокитин Вадим Валерьевич,tzk_2008@mail.ru,,(4872) 26-81-82,"300908, г. Тула, пос. Хомяково, Хомяковская, 12"
Администрация Муниципального Образования Узловский район,,Тульская область,Узловский район,Глава: Терехов Николай Николаевич,amo.uzlovaya@tularegion.ru,https://uzlovskij-r71.gosweb.gosuslugi.ru/,(48731) 6-42-05,"301600, г. Узловая, пл. Ленина, 1"
Служба АПК при администрации МО Узловский район,,Тульская область,Узловский район,Глава: Терехов Николай Николаевич,amo.uzlovaya@tularegion.ru,https://uzlovskij-r71.gosweb.gosuslugi.ru/,(48731) 6-63-02,"301600, г. Узловая, пл. Ленина, 1"
71_Узловский_КФХ 002,зерновые,Тульская область,Узловский район,,,,8-906-620-9475,"301626, с. Смородино"
71_Узловский_КФХ 003,пшеница,Тульская область,Узловский район,,,,8-920-743-1446,"301624, п. Тургеневский"
71_Узловский_КФХ 004,"пшеница, овес, ячмень",Тульская область,Узловский район,,,,8-905-189-2222,"301645, д. Прилесье"
«Агромакс» ООО,"пшеница, рапс, соя",Тульская область,Узловский район,Ген. дир.: Чикин Александр Владимирович,chikin72@mail.ru,,8-906-628-9239,"п. Партизан, стр. 6"
«Бестужево» СПК,"пшеница, гречиха, ячмень",Тульская область,Узловский район,Предс.: Теняков Александр Васильевич,bestuzhevo.spk@yandex.ru,,(48731) 9-21-19,"301629, д. Бестужево"
«Восход» ООО,зерновые,Тульская область,Узловский район,Ген. дир.: Скотникова Людмила Ефремовна,,,8-905-625-0486,"301626, с. Смородино"
«Дружба» СПК,"КРС (мясной, молочный)",Тульская область,Узловский район,Предс: Гаврилов Игорь Владимирович,,,(48731) 9-25-31,"301638, д. Федоровка, Дружбы, 16"
«Им. Ленина» СПК,"пшеница, ячмень, овёс",Тульская область,Узловский район,Предс.: Уваров Василий Михайлович,dialex2020@yandex.ru,,8-905-114-5776,"301645, д. Прилесье"
«Резонанс» ФХ,"пшеница (озимая, яровая); овощи (морковь, капуста, свекла), картофель",Тульская область,Узловский район,,fhrezonans@rambler.ru,https://fhrezonans.ru/,"(48731) 7-81-00, 8-950-903-5222, (48731) 8-953-189-6961","301633, п. Каменский, Пролетарская, 84"
СХП им. Руднева ООО,"пшеница, соя, рапс, гречиха",Тульская область,Узловский район,Дир.: Щанкин Прокопий Иванович,ooorudneva@mail.ru,,"(48731) 9-28-00, (48731) 9-28-22","301627, с. Люторичи, 117 А"
«Таун» ООО,"пшеница, ячмень, рапс",Тульская область,Узловский район,Ген. дир.: Кобяков Павел Вячеславович,taun.0315@gmail.com,,8-950-920-0000,"300012, г. Тула, Михеева, 17, помещ. 51"
«Узловский Молочный Комбинат» ООО,"производство молочной продукции (сметана, творог, сыры, йогурты и др.)",Тульская область,Узловский район,Ген. дир.: Величковский Василий Никитович,info@uzmolkom.ru,,"8-800-100-1918, (48731) 5-70-90","301602, г. Узловая, Дубовское шоссе, 3"
«Фёдоровский» СПК,"пшеница, ячмень, овес, гречиха, КРС",Тульская область,Узловский район,Предс.: Гаврилов Игорь Владимирович,spk.fedorovsky@yandex.ru,,"(48731) 9-25-19, 9-25-31, 9-25-91, (48731) 9-25-22, (48731) 9-25-35","301638, д. Федоровка, Дружбы, 16"
71_Узловский_КФХ 001,саженцы плодовых и ягодных культур,Тульская область,Узловский район,,,https://www.kfhbelous.ru/,8-905-112-6601,"301640, Узловский р-н, п. Тургеневский"
«Узловское ХПП» ООО,"закупка, приемка, хранение и складирование зерна",Тульская область,Узловский район,Ген. дир.: Виригин Сергей Викторович,viriginsergey@rambler.ru,,(48731) 6-32-19,"301600, г. Узловая, Базарная, 1, к А"
Администрация МО Чернский район,,Тульская область,Чернский район,Глава: Кузнецов Сергей Александрович,sergey.kuznetcov@tularegion.ru,https://chernskij-r71.gosweb.gosuslugi.ru/,(48756) 2-12-06,"301090, р.п. Чернь, К.Маркса, 31"
"Отдел экономического развития, предпринимательства и сельского хозяйства администрации МО Чернский район",,Тульская область,Чернский район,,chern@tularegion.org,https://chernskij-r71.gosweb.gosuslugi.ru/deyatelnost/otdel-ekonom-razv-predprin-i-sh/,(48756) 2-11-31,"301090, р.п. Чернь, К.Маркса, 31"
71_Чернский_КФХ 001,"пшеница, ячмень, соя, рапс, горох",Тульская область,Чернский район,,,,8-905-625-0880,"301098, п. Красный путь"
71_Чернский_КФХ 002,"пшеница, соя, рапс, горох",Тульская область,Чернский район,,,,8-930-894-7888,"301098, п. Красный путь"
71_Чернский_КФХ 003,"соя, подсолнечник",Тульская область,Чернский район,,,,"8-920-759-7286, 8-920-745-2991","301090, рп. Чернь"
71_Чернский_КФХ 004,"пшеница, овес, ячмень",Тульская область,Чернский район,,,,8-960-598-0351,"301074, д. Соловьевка"
«Агро-Альянс Чернское» ООО,"пшеница, овес, гречиха, подсолнечник, соя, горох, чечевица",Тульская область,Чернский район,Ген. дир.: Богдановский Сергей Геннадиевич,aa-chernskoe@agro-al.ru,,8-950-904-7603,"301094, д. Кожинка, Центральная, 19, оф. 1"
«Акира» ООО / «Рекорд» КФХ,зерновые,Тульская область,Чернский район,Дир./Глава: Раскачаев Владимир Викторович,suslovod@bk.ru,,"8-909, 264-7794","301098, п. Липицы"
«Крапп» КФХ / «Троицкие Нивы» ООО,"пшеница, ячмень, соя",Тульская область,Чернский район,Глава: Кравцов Валерий Борисович / Ген. дир.: Гаджиев Гаджи Магомедрасулович,kfhkrapp@yandex.ru,,8-920-785-6768,"301098, п. Липицы, Садовая, 7, помещ. 1, 1 этаж"
«Лидер» ООО,"пшеница, ячмень, овес, рапс, горох, фасоль",Тульская область,Чернский район,Дир.: Акатов Вадим Николаевич,Lider406@mail.ru,,"(48756) 3-37-17, (4872) 76-10-55","301090, с. Репно-Никольское, Производственная, 2"
«Экоферма «Зеленый Квадрат» ООО,"пшеница, горох, чечевица",Тульская область,Чернский район,Ген. дир.: Лынов Константин Владимирович,Konstantin.lynov@rambler.ru,,8-952-015-7673,"301090, р.п. Чернь, Космонавтов, 40 А, офис 4"
Администрация Щекинского района,,Тульская область,Щёкинский район,Глава: Гамбург Александр Сергеевич,ased_mo_schekino@tularegion.ru,https://schekino.gosuslugi.ru/,"(48751) 5-26-72, 5-24-65","301248, г. Щекино, Ленина, 1"
Отдел предпринимательства и сельского хозяйства Щекинского района,,Тульская область,Щёкинский район,Нач.: Пахомова Марина Николаевна,sh-predpr2@tularegion.org,https://schekino.gosuslugi.ru/ofitsialno/struktura-munitsipalnogo-obrazovaniya/administratsiya-munitsipalnogo-obrazovaniya-schekinskiy-rayon/strukturnye-podrazdeleniya/komitet-ekonomicheskogo-razvitiya/otdel-predprinimatelstva/,(48751) 5-94-51,"301241, г. Щекино, Шахтерская, 11"
«Велес» ООО,"пшеница, рапс, соя, овес, горох",Тульская область,Щёкинский район,Ген. дир: Иванов Владимир Николаевич,da.veles2014@yandex.ru,,"(48751) 7-11-37, 8-903-844-7530, (48751) 8-906-530-9865","301233, д. Крапивенская Слобода, 3 Б"
«Виктория» ООО,"пшеница, овес, рапс, горох",Тульская область,Щёкинский район,Ген. дир.: Гончар Ольга Николаевна,ivm1967@rambler.ru,,8-930-799-9226,"301237, с. Малынь, д. 17"
Ордена Ленина племзавод «Новая Жизнь» им. И. М. Семенова ООО,"пшеница, ячмень, горох; картофель; КРС (мясной, молочный); молочная продукция (сметана, кефир)",Тульская область,Щёкинский район,Дир.: Данилин Эдуард Валерьевич,new_life@tula.net,,"(48751) 3-72-37, (48751) 3-72-40","301226, с. Карамышево, Центральная, 1"
«Плава» ООО,"пшеница, соя, рапс, гречиха, горох; яблоки",Тульская область,Щёкинский район,Дир.: Устинов Анатолий Иванович,plava071@mail.ru,,(48751) 6-07-52,"301236, п. Алимкина, Комсомольская, 9"
«ПХ «Лазаревское» ООО,"зерновые; КРС, свиньи; производство колбас",Тульская область,Щёкинский район,Ген. дир.: Романовская Кристина Федоровна,info@lazarevo.ru,,"(48751) 7-22-51, 8-800-200-1981, 8-952-018-7576","301220, п. Лазарево, Луговая, 1"
«Родина» Колхоз,"пшеница, свекла столовая",Тульская область,Щёкинский район,Предс: Лапин Александр Николаевич,alex4774@mail.ru,,8-920-278-4650,"301222, с. Царево"
Администрация Муниципального Образования Ясногорский район,,Тульская область,Ясногорский район,Глава: Мухин Владимир Владимирович,ased_mo_yasnogorsk@tularegion.ru,https://yasnogorskij-r71.gosweb.gosuslugi.ru/,(48766) 4-02-89,"301031, г. Ясногорск, П. Смидовича, 8"
Сектор сельхозпроизводства администрации МО Ясногорский район,,Тульская область,Ясногорский район,Нач.: Блинов Юрий Вячеславович,yasnogorsk.apk@tularegion.org,https://yasnogorskij-r71.gosweb.gosuslugi.ru/ofitsialno/struktura-munitsipalnogo-obrazovaniya/ispolnitelno-rasporyaditelnyy-organ-munitsipalnogo-obrazovaniya/strukturnye-podrazdeleniya/sektor-selhozproizvodstva/,(48766) 2-14-39,"301031, г. Ясногорск, П. Смидовича, 8"
71_Ясногорский_КФХ 001,"зерновые, технические",Тульская область,Ясногорский район,,,,8-961-121-0066,"301044, п. Первомайский"
71_Ясногорский_КФХ 002,"зерновые, зернобобовые",Тульская область,Ясногорский район,,,,8-961-152-7070,"301051, д. Тайдаково"
71_Ясногорский_КФХ 003,"пшеница, горох",Тульская область,Ясногорский район,,,,8-906-629-8188,"301030, г. Ясногорск"
«Авиаген» ООО,"птицеводство племенное, суточные цыплята",Тульская область,Ясногорский район,Ген. дир.: Стародубцев Валерий Валентинович,,,"(4872) 70-22-06, 8-903-036-0039","301036, д. Каменка, Весенняя, 20"
«Интеркрос Центр» ООО,"КРС (мясной, молочный)",Тульская область,Ясногорский район,Ген. дир.: Баранов Владимир Сергеевич,interkros-centr@yandex.ru,,(4872) 38-49-84,"301054, с. Хотушь, Восточная, 1"
«Реал» ООО,"зерновые, зернобобовые, масличные, КРС",Тульская область,Ясногорский район,Дир.: Джалилов Лукман Джалилович,,,(4872) 71-65-15,"301053, п. Санталовский, Зеленая, 6, к. 12"
«Рост'ОК» ООО,"пшеница, гречиха, рапс, горох",Тульская область,Ясногорский район,Дир.: Одинцов Иван Николаевич,em.rostok@yandex.ru,,8-920-777-3264,"301037, с. Денисово, Советская, 76"
«Рума-Агро» ООО,"пшеница, ячмень",Тульская область,Ясногорский район,Ген. дир.: Проценко Андрей Владимирович,ruma.agro@mail.ru,,8-977-888-4942,"301049, п. Есуковский, Садовая, 6"
«Ясногорские Сыры» ООО,"производство сыра и сырных продуктов, масел и жиров, маргариновой продукции, молока и молочной продукции.",Тульская область,Ясногорский район,Ген. дир.: Авдюхина Наталья Александровна,sales@yaprod.ru,https://yaprod.ru/,"(48766) 3-61-76, 8-999-888-4433","301053, п. Санталовский, Дорожная, 3, помещ. 1"
«Ясногорский сыр» ООО,"пр-во сыра, сырной продукции, маргарина",Тульская область,Ясногорский район,Ген. дир.: Арсентьева Марина Владимировна,ysnochiz22@mail.ru,,"(487) 663-61-76, 8-903-697-8886","301030, г. Ясногорск, Ленина, 3, помещ. 3"
71_Венёвский_КФХ 003,"пшеница, ячмень, соя, рапс; картофель",Тульская область,,,,,8-962-273-3325,"301326, с. Прудищи"
71_Ефремовский_КФХ 005,"пшеница, соя, ячмень",Тульская область,,,,,"8-962-277-0405, 8-903-421-9635","301876, с. Яндовка"
71_Кимовский_КФХ 009,"пшеница, рапс, КРС, свиньи",Тульская область,,,,,8-905-111-0430,"301740, с. Рождествено"
«Белёвские Овощи» ООО,"зерновые, масличные",Тульская область,,Дир.: Мазурин Владимир Анатольевич,b.ovoshi@yandex.ru,,8-903-845-88-24,"301531, г. Белев, Карла Маркса, 138"
«Зеленый Сад» ООО,садоводство (яблоки),Тульская область,,Дир.: Сережников Анатолий Петрович,zelensad2014@mail.ru,,8-906-531-0393,"301900, п. Мичуринский, д. 28"
Карла Маркса имени СПК,"пшеница, ячмень, соя, КРС (молочный)",Тульская область,,Предс.: Корсаков Анатолий Николаевич,buhmarksa@list.ru,,"(48752) 3-25-17, (48752) 3-25-18","301493, д. Савватеевка"
«Мещерино» ООО,"пшеница, ячмень, КРС",Тульская область,,Дир.: Махмудов Тельман Сеидуллаевич,buh_mesherino@list.ru,,(48752) 3-12-35,"301478, с. Мещерино, Центральная, 14"
«Одоевский Маслозавод» ОАО,производство молочной продукции,Тульская область,,Ген. дир.: Турчин Алексей Геннадьевич,odoev-mz@mail.ru,,"(48736) 4-12-58, 4-17-52","301440, р.п. Одоев, Льва Толстого, 21"
